Age,Department,Gender,HourlyRate,JobRole,PercentSalaryHike,PerformanceRating,TotalWorkingYears,MonthlyIncome
41,Sales,Female,94,Sales Executive,11,3,8,5993
49,Research & Development,Male,61,Research Scientist,23,4,10,5130
37,Research & Development,Male,92,Laboratory Technician,15,3,7,2090
33,Research & Development,Female,56,Research Scientist,11,3,8,2909
27,Research & Development,Male,40,Laboratory Technician,12,3,6,3468
32,Research & Development,Male,79,Laboratory Technician,13,3,8,3068
59,Research & Development,Female,81,Laboratory Technician,20,4,12,2670
30,Research & Development,Male,67,Laboratory Technician,22,4,1,2693
38,Research & Development,Male,44,Manufacturing Director,21,4,10,9526
36,Research & Development,Male,94,Healthcare Representative,13,3,17,5237
35,Research & Development,Male,84,Laboratory Technician,13,3,6,2426
29,Research & Development,Female,49,Laboratory Technician,12,3,10,4193
31,Research & Development,Male,31,Research Scientist,17,3,5,2911
34,Research & Development,Male,93,Laboratory Technician,11,3,3,2661
28,Research & Development,Male,50,Laboratory Technician,14,3,6,2028
29,Research & Development,Female,51,Manufacturing Director,11,3,10,9980
32,Research & Development,Male,80,Research Scientist,12,3,7,3298
22,Research & Development,Male,96,Laboratory Technician,13,3,1,2935
53,Sales,Female,78,Manager,16,3,31,15427
38,Research & Development,Male,45,Research Scientist,11,3,6,3944
24,Research & Development,Female,96,Manufacturing Director,18,3,5,4011
36,Sales,Male,82,Sales Representative,23,4,10,3407
34,Research & Development,Female,53,Research Director,11,3,13,11994
21,Research & Development,Male,96,Research Scientist,14,3,0,1232
34,Research & Development,Male,83,Research Scientist,11,3,8,2960
53,Research & Development,Female,58,Manager,11,3,26,19094
32,Research & Development,Female,72,Research Scientist,22,4,10,3919
42,Sales,Male,48,Sales Executive,11,3,10,6825
44,Research & Development,Female,42,Healthcare Representative,14,3,24,10248
46,Sales,Female,83,Manager,12,3,22,18947
33,Research & Development,Male,78,Laboratory Technician,11,3,7,2496
44,Research & Development,Male,41,Healthcare Representative,13,3,9,6465
30,Research & Development,Male,83,Laboratory Technician,13,3,10,2206
39,Sales,Male,56,Sales Representative,14,3,19,2086
24,Research & Development,Male,61,Research Scientist,16,3,6,2293
43,Research & Development,Female,72,Research Scientist,12,3,6,2645
50,Sales,Male,86,Sales Representative,14,3,3,2683
35,Sales,Female,97,Sales Representative,13,3,2,2014
36,Research & Development,Female,82,Research Scientist,14,3,6,3419
33,Sales,Female,42,Sales Executive,19,3,10,5376
35,Research & Development,Male,75,Laboratory Technician,12,3,1,1951
27,Research & Development,Female,33,Laboratory Technician,13,3,1,2341
26,Research & Development,Male,48,Laboratory Technician,12,3,1,2293
27,Sales,Male,37,Sales Executive,15,3,9,8726
30,Research & Development,Female,58,Laboratory Technician,23,4,12,4011
41,Research & Development,Female,49,Research Director,12,3,23,19545
34,Sales,Male,72,Sales Executive,20,4,10,4568
37,Research & Development,Male,73,Research Scientist,21,4,8,3022
46,Sales,Male,98,Sales Executive,21,4,14,5772
35,Research & Development,Male,36,Laboratory Technician,19,3,1,2269
48,Research & Development,Male,98,Laboratory Technician,13,3,23,5381
28,Research & Development,Male,50,Laboratory Technician,13,3,2,3441
44,Sales,Female,75,Sales Executive,21,4,9,5454
35,Research & Development,Male,79,Healthcare Representative,13,3,10,9884
26,Sales,Female,47,Sales Executive,19,3,5,4157
33,Research & Development,Female,98,Research Director,12,3,15,13458
35,Sales,Male,71,Sales Executive,22,4,9,9069
35,Research & Development,Female,30,Laboratory Technician,15,3,4,4014
31,Research & Development,Male,48,Laboratory Technician,22,4,10,5915
37,Research & Development,Male,51,Manufacturing Director,18,3,7,5993
32,Research & Development,Male,33,Manufacturing Director,22,4,9,6162
38,Research & Development,Female,50,Laboratory Technician,11,3,10,2406
50,Research & Development,Female,43,Research Director,12,3,29,18740
59,Sales,Female,99,Sales Executive,11,3,28,7637
36,Research & Development,Female,59,Healthcare Representative,13,3,17,10096
55,Research & Development,Female,33,Manager,14,3,21,14756
36,Research & Development,Male,95,Manufacturing Director,13,3,6,6499
45,Research & Development,Male,59,Research Scientist,17,3,25,9724
35,Research & Development,Male,79,Research Scientist,13,3,5,2194
36,Research & Development,Male,79,Research Scientist,17,3,2,3388
59,Sales,Female,57,Sales Executive,11,3,20,5473
29,Research & Development,Male,76,Research Scientist,23,4,6,2703
31,Research & Development,Male,87,Research Scientist,17,3,1,2501
32,Research & Development,Male,66,Research Scientist,17,3,10,6220
36,Research & Development,Female,55,Laboratory Technician,12,3,5,3038
31,Research & Development,Female,61,Manufacturing Director,23,4,11,4424
35,Sales,Male,32,Sales Executive,14,3,16,4312
45,Research & Development,Male,52,Research Director,14,3,17,13245
37,Research & Development,Male,30,Research Director,13,3,16,13664
46,Human Resources,Male,80,Human Resources,22,4,16,5021
30,Research & Development,Male,55,Laboratory Technician,12,3,10,5126
35,Research & Development,Male,30,Research Scientist,18,3,6,2859
55,Sales,Male,70,Sales Executive,14,3,24,10239
38,Research & Development,Female,79,Research Scientist,12,3,17,5329
34,Research & Development,Male,94,Manufacturing Director,15,3,5,4325
56,Research & Development,Male,49,Manufacturing Director,11,3,37,7260
23,Sales,Male,62,Sales Representative,13,3,3,2322
51,Research & Development,Male,96,Laboratory Technician,23,4,10,2075
30,Research & Development,Male,99,Healthcare Representative,19,3,11,4152
46,Sales,Male,64,Sales Executive,16,3,9,9619
40,Research & Development,Male,78,Healthcare Representative,22,4,22,13503
51,Sales,Male,71,Sales Executive,22,4,11,5441
30,Sales,Female,63,Sales Executive,12,3,11,5209
46,Research & Development,Male,40,Healthcare Representative,13,3,21,10673
32,Sales,Male,87,Sales Executive,16,3,12,5010
54,Research & Development,Female,60,Research Director,12,3,16,13549
24,Sales,Female,33,Sales Executive,21,4,4,4999
28,Sales,Male,43,Sales Executive,15,3,5,4221
58,Sales,Male,37,Sales Executive,13,3,38,13872
44,Research & Development,Male,67,Laboratory Technician,12,3,17,2042
37,Human Resources,Male,63,Human Resources,22,4,7,2073
32,Research & Development,Male,71,Research Scientist,13,3,1,2956
20,Research & Development,Female,66,Laboratory Technician,18,3,1,2926
34,Research & Development,Female,41,Research Scientist,14,3,16,4809
37,Research & Development,Male,100,Healthcare Representative,14,3,17,5163
59,Human Resources,Female,32,Manager,21,4,30,18844
50,Research & Development,Female,73,Research Director,19,3,28,18172
25,Sales,Male,46,Sales Executive,11,3,6,5744
25,Research & Development,Male,64,Research Scientist,11,3,2,2889
22,Research & Development,Female,59,Laboratory Technician,15,3,1,2871
51,Research & Development,Female,30,Healthcare Representative,20,4,23,7484
34,Research & Development,Male,66,Laboratory Technician,24,4,9,6074
54,Human Resources,Female,30,Manager,12,3,23,17328
24,Research & Development,Male,52,Laboratory Technician,12,3,6,2774
34,Research & Development,Female,45,Research Scientist,15,3,12,4505
37,Sales,Male,87,Sales Executive,12,3,12,7428
34,Research & Development,Female,45,Manager,12,3,14,11631
36,Sales,Female,92,Sales Executive,14,3,10,9738
36,Research & Development,Female,39,Laboratory Technician,22,4,7,2835
43,Sales,Male,92,Manager,12,3,25,16959
30,Research & Development,Male,96,Research Scientist,25,4,10,2613
33,Sales,Male,95,Sales Executive,13,3,8,6146
56,Research & Development,Female,72,Research Scientist,18,3,7,4963
51,Research & Development,Male,51,Research Director,13,3,23,19537
31,Sales,Male,76,Sales Executive,18,3,12,6172
26,Research & Development,Female,46,Research Scientist,19,3,5,2368
58,Research & Development,Female,94,Healthcare Representative,12,3,40,10312
19,Sales,Male,50,Sales Representative,19,3,0,1675
22,Research & Development,Male,100,Laboratory Technician,14,3,3,2523
49,Research & Development,Female,96,Manufacturing Director,14,3,16,6567
43,Research & Development,Female,72,Research Scientist,12,3,18,4739
50,Sales,Female,77,Sales Executive,11,3,16,9208
31,Sales,Female,71,Sales Executive,11,3,4,4559
41,Sales,Male,96,Sales Executive,13,3,12,8189
26,Human Resources,Female,61,Human Resources,23,4,8,2942
36,Research & Development,Male,84,Manufacturing Director,20,4,7,4941
51,Research & Development,Male,53,Manufacturing Director,15,3,18,10650
39,Sales,Female,47,Sales Executive,14,3,17,5902
25,Sales,Male,41,Sales Executive,18,3,6,8639
30,Human Resources,Male,48,Human Resources,19,3,12,6347
32,Research & Development,Female,41,Laboratory Technician,22,4,10,4200
45,Research & Development,Male,83,Research Scientist,13,3,9,3452
38,Research & Development,Female,32,Research Scientist,20,4,19,4317
30,Research & Development,Female,75,Research Scientist,14,3,5,2632
32,Sales,Male,35,Sales Executive,17,3,9,4668
30,Research & Development,Female,84,Research Scientist,14,3,8,3204
30,Research & Development,Male,35,Laboratory Technician,13,3,6,2720
41,Research & Development,Male,91,Manager,13,3,21,17181
41,Research & Development,Male,94,Laboratory Technician,21,4,7,2238
19,Research & Development,Female,79,Laboratory Technician,14,3,1,1483
40,Research & Development,Female,54,Research Scientist,11,3,20,5605
35,Sales,Male,94,Sales Executive,13,3,10,7295
53,Sales,Male,34,Sales Representative,20,4,13,2306
45,Research & Development,Male,60,Laboratory Technician,18,3,20,2348
32,Sales,Female,43,Sales Executive,14,3,9,8998
29,Research & Development,Male,41,Manufacturing Director,13,3,10,4319
51,Research & Development,Male,34,Manufacturing Director,17,3,10,6132
58,Research & Development,Female,75,Research Scientist,20,4,9,3346
40,Sales,Male,67,Sales Executive,11,3,15,10855
34,Sales,Female,75,Sales Representative,18,3,6,2231
22,Research & Development,Male,80,Research Scientist,24,4,2,2323
27,Research & Development,Male,57,Research Scientist,18,3,6,2024
28,Research & Development,Male,42,Research Scientist,11,3,5,2713
57,Research & Development,Male,83,Healthcare Representative,16,3,12,9439
27,Research & Development,Male,79,Research Scientist,15,3,1,2566
50,Research & Development,Female,53,Manager,15,3,21,19926
41,Research & Development,Male,56,Research Scientist,12,3,13,2451
30,Sales,Female,41,Sales Executive,12,3,12,9419
38,Sales,Female,59,Sales Executive,22,4,12,8686
32,Research & Development,Male,43,Research Scientist,20,4,8,3038
27,Research & Development,Male,51,Research Scientist,16,3,6,3058
19,Sales,Female,100,Sales Representative,21,4,1,2325
36,Research & Development,Male,30,Laboratory Technician,12,3,13,2088
30,Research & Development,Male,66,Laboratory Technician,11,3,12,3072
45,Sales,Female,30,Sales Executive,11,3,9,5006
56,Research & Development,Female,67,Research Scientist,18,3,19,4257
33,Research & Development,Male,90,Research Scientist,14,3,4,2500
19,Research & Development,Male,47,Laboratory Technician,22,4,1,1102
46,Sales,Female,92,Sales Executive,25,4,24,10453
38,Research & Development,Female,75,Laboratory Technician,12,3,2,2288
31,Research & Development,Female,95,Research Scientist,23,4,7,3929
34,Research & Development,Female,95,Research Scientist,15,3,9,2311
41,Sales,Female,70,Sales Representative,22,4,4,3140
50,Research & Development,Male,86,Laboratory Technician,15,3,5,3690
53,Research & Development,Female,57,Manufacturing Director,11,3,5,4450
33,Research & Development,Female,72,Research Scientist,13,3,8,2756
40,Research & Development,Female,46,Manager,14,3,21,19033
55,Research & Development,Male,61,Research Director,11,3,36,18722
34,Research & Development,Male,45,Manufacturing Director,17,3,10,9547
51,Research & Development,Female,98,Healthcare Representative,18,3,21,13734
52,Research & Development,Male,65,Manager,14,3,34,19999
27,Research & Development,Female,99,Research Scientist,16,3,7,2279
35,Research & Development,Male,50,Manufacturing Director,13,3,8,5916
43,Research & Development,Male,37,Research Scientist,14,3,7,2089
45,Research & Development,Male,65,Manager,23,4,22,16792
37,Research & Development,Male,65,Research Scientist,12,3,8,3564
35,Research & Development,Female,37,Laboratory Technician,11,3,10,4425
42,Research & Development,Female,36,Manufacturing Director,16,3,11,5265
38,Research & Development,Male,88,Manufacturing Director,14,3,14,6553
38,Research & Development,Male,54,Manufacturing Director,18,3,9,6261
27,Research & Development,Male,60,Manufacturing Director,19,3,6,4298
49,Research & Development,Male,92,Manufacturing Director,15,3,7,6804
34,Research & Development,Male,43,Research Scientist,17,3,5,3815
40,Research & Development,Male,99,Laboratory Technician,15,3,15,2741
38,Research & Development,Male,70,Healthcare Representative,19,3,17,6673
29,Sales,Female,35,Sales Executive,22,4,10,7639
22,Research & Development,Male,60,Research Scientist,16,3,4,2328
36,Research & Development,Female,73,Laboratory Technician,13,3,8,2153
40,Research & Development,Male,63,Healthcare Representative,14,3,5,4876
46,Research & Development,Male,97,Healthcare Representative,16,3,17,9396
32,Sales,Male,32,Sales Executive,11,3,14,10400
30,Research & Development,Male,88,Manufacturing Director,22,4,12,8474
27,Sales,Female,90,Sales Executive,14,3,7,9981
51,Research & Development,Male,81,Research Director,16,3,16,12490
30,Research & Development,Female,88,Research Scientist,11,3,8,2657
41,Sales,Female,75,Manager,18,3,16,13591
30,Sales,Female,52,Sales Executive,15,3,9,6696
29,Research & Development,Male,85,Research Scientist,14,3,7,2058
45,Sales,Female,57,Sales Executive,12,3,23,8865
54,Sales,Female,52,Sales Executive,14,3,16,5940
36,Research & Development,Male,62,Laboratory Technician,16,3,16,5914
33,Research & Development,Female,47,Research Scientist,21,4,7,2622
37,Research & Development,Male,47,Research Director,14,3,10,12185
38,Sales,Male,76,Sales Executive,12,3,17,10609
31,Research & Development,Male,90,Manufacturing Director,12,3,6,4345
59,Research & Development,Male,70,Research Scientist,17,3,7,2177
37,Sales,Male,41,Sales Representative,17,3,13,2793
29,Sales,Female,42,Sales Executive,14,3,11,7918
35,Sales,Female,92,Sales Executive,14,3,10,8789
29,Research & Development,Male,86,Research Scientist,13,3,4,2389
52,Research & Development,Female,89,Laboratory Technician,15,3,6,3212
42,Research & Development,Male,58,Manager,11,3,22,19232
59,Human Resources,Male,52,Human Resources,17,3,7,2267
50,Sales,Female,68,Manager,11,3,32,19517
33,Research & Development,Male,58,Laboratory Technician,13,3,8,2436
43,Sales,Female,80,Manager,22,4,22,16064
33,Research & Development,Female,39,Laboratory Technician,20,4,13,2707
52,Sales,Male,79,Manager,18,3,33,19068
32,Sales,Female,56,Sales Representative,11,3,6,3931
32,Research & Development,Male,62,Laboratory Technician,14,3,4,3730
39,Research & Development,Female,96,Laboratory Technician,14,3,7,2232
32,Sales,Male,100,Sales Executive,18,3,4,4465
41,Research & Development,Male,36,Research Scientist,16,3,17,3072
40,Research & Development,Male,62,Research Scientist,17,3,9,3319
45,Research & Development,Male,70,Manager,11,3,25,19202
31,Research & Development,Male,73,Research Director,12,3,9,13675
33,Research & Development,Female,63,Research Scientist,13,3,2,2911
34,Research & Development,Male,84,Manufacturing Director,13,3,13,5957
37,Research & Development,Female,83,Research Scientist,14,3,17,3920
45,Research & Development,Male,77,Manufacturing Director,17,3,9,6434
37,Research & Development,Male,61,Manufacturing Director,11,3,17,10048
39,Research & Development,Female,64,Healthcare Representative,25,4,20,10938
29,Research & Development,Male,60,Research Scientist,19,3,6,2340
42,Research & Development,Female,82,Research Scientist,13,3,10,6545
29,Sales,Male,45,Sales Executive,14,3,10,6931
25,Research & Development,Female,62,Manufacturing Director,12,3,5,4898
42,Research & Development,Female,56,Laboratory Technician,11,3,10,2593
40,Research & Development,Male,49,Research Director,19,3,22,19436
51,Research & Development,Male,96,Research Scientist,11,3,1,2723
31,Research & Development,Male,71,Laboratory Technician,11,3,6,3479
32,Research & Development,Male,100,Laboratory Technician,20,4,5,2794
38,Sales,Male,39,Sales Executive,18,3,13,5249
32,Research & Development,Male,84,Laboratory Technician,13,3,9,2176
46,Sales,Female,75,Manager,12,3,28,16872
28,Research & Development,Male,79,Laboratory Technician,11,3,5,3485
29,Sales,Male,78,Sales Executive,19,3,10,6644
31,Research & Development,Male,64,Healthcare Representative,21,4,10,5582
25,Research & Development,Male,85,Healthcare Representative,12,3,6,4000
45,Research & Development,Male,79,Healthcare Representative,14,3,21,13496
36,Research & Development,Male,47,Laboratory Technician,11,3,16,3210
55,Research & Development,Male,81,Manager,14,3,37,19045
47,Research & Development,Male,88,Manager,12,3,10,11849
28,Research & Development,Male,94,Research Scientist,23,4,5,2070
37,Sales,Male,98,Sales Executive,14,3,7,6502
21,Research & Development,Male,100,Research Scientist,17,3,3,3230
37,Research & Development,Female,80,Research Director,18,3,15,13603
35,Research & Development,Female,71,Manager,18,3,10,11996
38,Sales,Female,44,Sales Executive,24,4,8,5605
26,Research & Development,Female,84,Manufacturing Director,20,4,6,6397
50,Research & Development,Male,96,Research Director,14,3,28,19144
53,Research & Development,Male,45,Research Director,16,3,21,17584
42,Sales,Male,99,Sales Executive,25,4,20,4907
29,Sales,Male,44,Sales Executive,18,3,10,4554
55,Research & Development,Male,37,Laboratory Technician,19,3,12,5415
26,Research & Development,Male,60,Healthcare Representative,13,3,5,4741
37,Research & Development,Female,42,Research Scientist,12,3,17,2115
44,Research & Development,Male,43,Laboratory Technician,22,4,19,3161
38,Research & Development,Male,82,Healthcare Representative,14,3,10,5745
26,Research & Development,Male,45,Laboratory Technician,13,3,5,2373
28,Research & Development,Female,66,Research Scientist,21,4,5,3310
49,Research & Development,Female,35,Research Director,11,3,22,18665
36,Research & Development,Male,30,Research Scientist,12,3,10,4485
31,Sales,Female,84,Sales Representative,11,3,2,2789
26,Sales,Male,48,Sales Executive,12,3,8,5828
37,Research & Development,Male,53,Research Scientist,12,3,4,2326
42,Sales,Female,77,Sales Executive,14,3,23,13525
18,Research & Development,Male,54,Laboratory Technician,13,3,0,1420
35,Sales,Male,96,Sales Executive,15,3,12,8020
36,Research & Development,Male,81,Laboratory Technician,18,3,4,3688
51,Research & Development,Male,84,Manufacturing Director,18,3,13,5482
41,Sales,Male,88,Manager,19,3,22,16015
18,Sales,Female,69,Sales Representative,12,3,0,1200
28,Research & Development,Male,68,Healthcare Representative,19,3,9,5661
31,Sales,Male,100,Sales Executive,11,3,10,6929
39,Research & Development,Male,48,Healthcare Representative,17,3,19,9613
36,Research & Development,Female,47,Laboratory Technician,15,3,11,5674
32,Sales,Male,91,Sales Executive,14,3,13,5484
38,Research & Development,Female,81,Research Director,17,3,19,12061
58,Research & Development,Male,32,Healthcare Representative,13,3,12,5660
31,Research & Development,Male,86,Research Scientist,12,3,6,4821
31,Human Resources,Male,62,Human Resources,12,3,9,6410
45,Research & Development,Male,97,Laboratory Technician,18,3,24,5210
31,Research & Development,Male,32,Research Scientist,18,3,3,2695
33,Research & Development,Female,74,Manager,11,3,12,11878
39,Research & Development,Male,99,Manager,14,3,21,17068
43,Research & Development,Female,33,Laboratory Technician,19,3,9,2455
49,Research & Development,Female,90,Healthcare Representative,12,3,25,13964
52,Research & Development,Male,85,Research Scientist,15,3,11,4941
27,Research & Development,Female,85,Research Scientist,12,3,4,2478
32,Sales,Female,65,Sales Executive,11,3,13,5228
27,Sales,Male,74,Sales Executive,11,3,5,4478
31,Sales,Male,73,Sales Executive,12,3,13,7547
32,Research & Development,Female,74,Research Scientist,16,3,10,5055
28,Research & Development,Male,84,Research Scientist,13,3,5,3464
30,Research & Development,Female,64,Research Scientist,13,3,11,5775
31,Research & Development,Female,48,Manufacturing Director,24,4,10,8943
39,Research & Development,Male,54,Manager,15,3,21,19272
39,Sales,Female,41,Sales Executive,18,3,12,5238
33,Sales,Male,46,Sales Executive,14,3,9,4682
47,Research & Development,Male,42,Research Director,11,3,21,18300
43,Research & Development,Female,82,Laboratory Technician,11,3,9,5257
27,Sales,Male,73,Sales Executive,13,3,6,6349
54,Research & Development,Female,31,Research Scientist,12,3,20,4869
43,Research & Development,Female,43,Healthcare Representative,16,3,10,9985
45,Research & Development,Male,75,Research Scientist,14,3,12,3697
40,Sales,Male,57,Sales Executive,22,4,6,7457
29,Research & Development,Male,77,Laboratory Technician,11,3,7,2119
29,Research & Development,Male,30,Laboratory Technician,17,3,4,3983
30,Sales,Female,30,Sales Executive,13,3,10,6118
27,Sales,Female,56,Sales Executive,18,3,8,6214
37,Research & Development,Male,61,Manufacturing Director,16,3,8,6347
38,Research & Development,Male,92,Research Director,14,3,12,11510
31,Research & Development,Female,39,Manufacturing Director,14,3,11,7143
29,Sales,Female,39,Sales Executive,14,3,7,8268
35,Research & Development,Male,62,Manufacturing Director,13,3,17,8095
23,Research & Development,Male,83,Research Scientist,12,3,4,2904
41,Research & Development,Male,95,Manufacturing Director,15,3,8,6032
47,Sales,Male,99,Sales Representative,19,3,5,2976
42,Research & Development,Female,44,Research Director,14,3,16,15992
29,Sales,Male,61,Sales Executive,14,3,4,4649
42,Human Resources,Male,52,Human Resources,11,3,4,2696
32,Research & Development,Female,75,Laboratory Technician,13,3,8,2370
48,Sales,Female,91,Manager,21,4,15,12504
37,Research & Development,Male,51,Research Scientist,13,3,13,5974
30,Sales,Female,85,Sales Executive,12,3,4,4736
26,Sales,Male,57,Sales Executive,17,3,8,5296
42,Research & Development,Male,98,Healthcare Representative,23,4,14,6781
21,Sales,Female,99,Sales Representative,11,3,3,2174
36,Sales,Female,45,Sales Executive,15,3,7,6653
36,Sales,Male,48,Sales Executive,11,3,16,9699
57,Research & Development,Male,88,Healthcare Representative,11,3,15,6755
40,Research & Development,Female,46,Laboratory Technician,13,3,10,2213
21,Sales,Male,39,Sales Representative,24,4,3,2610
33,Sales,Female,34,Sales Representative,13,3,1,2851
37,Research & Development,Female,98,Laboratory Technician,20,4,17,3452
46,Research & Development,Female,30,Manufacturing Director,14,3,7,5258
41,Sales,Male,56,Sales Executive,18,3,8,9355
50,Research & Development,Male,100,Healthcare Representative,15,3,20,10496
40,Sales,Male,68,Sales Executive,12,3,8,6380
31,Research & Development,Male,42,Research Scientist,16,3,3,2657
21,Sales,Female,90,Sales Representative,15,3,1,2716
29,Research & Development,Male,54,Research Scientist,16,3,6,2201
35,Research & Development,Male,97,Healthcare Representative,19,3,10,6540
27,Research & Development,Male,82,Laboratory Technician,11,3,5,3816
28,Sales,Male,92,Sales Executive,16,3,7,5253
49,Research & Development,Male,31,Healthcare Representative,24,4,26,10965
51,Sales,Female,87,Sales Executive,11,3,18,4936
36,Research & Development,Female,96,Research Scientist,13,3,6,2543
34,Sales,Male,67,Sales Executive,13,3,9,5304
55,Research & Development,Female,97,Manager,13,3,30,16659
24,Sales,Female,77,Sales Executive,12,3,5,4260
30,Sales,Male,72,Sales Representative,18,3,1,2476
26,Research & Development,Male,73,Research Scientist,22,4,7,3102
22,Research & Development,Female,43,Research Scientist,13,3,2,2244
36,Sales,Male,61,Sales Executive,13,3,10,7596
30,Research & Development,Male,40,Research Scientist,23,4,3,2285
37,Research & Development,Female,95,Laboratory Technician,12,3,18,3034
40,Sales,Female,46,Sales Executive,12,3,8,5715
42,Research & Development,Female,95,Laboratory Technician,16,3,8,2576
37,Research & Development,Male,49,Manufacturing Director,12,3,18,4197
43,Research & Development,Male,59,Research Director,11,3,25,14336
40,Research & Development,Female,78,Laboratory Technician,22,4,20,3448
54,Research & Development,Male,86,Research Director,11,3,24,19406
34,Sales,Female,72,Sales Executive,15,3,6,6538
31,Research & Development,Female,31,Manufacturing Director,12,3,13,4306
43,Research & Development,Male,61,Laboratory Technician,20,4,8,2258
43,Research & Development,Female,74,Healthcare Representative,14,3,8,4522
25,Sales,Female,99,Sales Executive,11,3,5,4487
37,Research & Development,Female,72,Research Scientist,15,3,15,4449
31,Research & Development,Male,98,Laboratory Technician,12,3,4,2218
39,Research & Development,Male,52,Manager,14,3,21,19197
56,Sales,Female,86,Sales Executive,11,3,36,13212
30,Sales,Female,83,Sales Executive,11,3,6,6577
41,Sales,Male,49,Sales Executive,16,3,10,8392
28,Research & Development,Male,79,Laboratory Technician,12,3,10,4558
25,Research & Development,Male,91,Laboratory Technician,13,3,6,4031
52,Research & Development,Male,39,Manufacturing Director,14,3,28,7969
45,Research & Development,Male,69,Research Scientist,21,4,8,2654
52,Research & Development,Female,30,Manager,13,3,31,16555
42,Research & Development,Female,92,Research Scientist,11,3,19,4556
30,Research & Development,Female,43,Manufacturing Director,20,4,11,6091
60,Research & Development,Female,41,Manager,11,3,33,19566
46,Research & Development,Female,87,Manufacturing Director,14,3,19,4810
42,Research & Development,Female,88,Healthcare Representative,11,3,7,4523
24,Sales,Female,62,Sales Representative,16,3,6,3202
34,Sales,Female,33,Sales Representative,16,3,3,2351
38,Research & Development,Male,42,Laboratory Technician,23,4,1,1702
40,Sales,Female,79,Manager,14,3,21,18041
26,Research & Development,Female,90,Research Scientist,22,4,3,2886
30,Research & Development,Male,53,Laboratory Technician,15,3,9,2097
29,Research & Development,Male,93,Research Director,18,3,10,11935
29,Research & Development,Female,71,Research Scientist,16,3,6,2546
19,Human Resources,Male,52,Human Resources,12,3,1,2564
30,Sales,Female,69,Sales Executive,11,3,10,8412
57,Sales,Male,56,Manager,12,3,32,14118
50,Research & Development,Male,88,Manager,15,3,28,17046
30,Research & Development,Female,49,Laboratory Technician,14,3,12,2564
60,Sales,Female,80,Sales Executive,19,3,22,10266
47,Research & Development,Female,65,Manufacturing Director,13,3,20,5070
46,Research & Development,Male,51,Research Director,13,3,26,17861
35,Research & Development,Male,46,Laboratory Technician,15,3,6,4230
54,Research & Development,Female,42,Laboratory Technician,11,3,19,3780
34,Research & Development,Male,62,Research Scientist,12,3,14,2768
46,Sales,Female,94,Sales Executive,19,3,15,9071
31,Research & Development,Male,33,Manufacturing Director,25,4,13,10648
33,Research & Development,Male,56,Manager,12,3,15,13610
33,Research & Development,Male,38,Laboratory Technician,13,3,8,3408
30,Sales,Male,57,Sales Representative,14,3,4,2983
35,Research & Development,Male,72,Healthcare Representative,12,3,10,7632
31,Research & Development,Male,66,Healthcare Representative,12,3,12,9824
34,Human Resources,Female,43,Human Resources,15,3,11,9950
42,Research & Development,Male,97,Laboratory Technician,17,3,8,2093
36,Sales,Male,32,Sales Executive,14,3,10,9980
22,Research & Development,Male,99,Laboratory Technician,16,3,4,3894
48,Sales,Female,37,Sales Executive,14,3,14,4051
55,Sales,Female,83,Manager,23,4,37,16835
41,Sales,Male,56,Sales Executive,14,3,16,6230
35,Sales,Male,85,Sales Executive,11,3,15,4717
40,Research & Development,Female,75,Manufacturing Director,15,3,22,13237
39,Research & Development,Female,48,Laboratory Technician,11,3,8,3755
31,Sales,Male,77,Sales Executive,13,3,10,6582
42,Research & Development,Male,56,Manufacturing Director,21,4,10,7406
45,Sales,Male,61,Sales Executive,19,3,9,4805
26,Human Resources,Female,58,Human Resources,11,3,8,2741
29,Research & Development,Male,34,Manufacturing Director,12,3,8,4262
33,Research & Development,Female,95,Research Director,19,3,10,16184
31,Sales,Male,44,Manager,21,4,10,11557
18,Sales,Male,69,Sales Representative,14,3,0,1878
40,Sales,Male,58,Sales Executive,15,3,20,10932
41,Research & Development,Female,62,Healthcare Representative,17,3,10,6811
26,Sales,Male,45,Sales Executive,12,3,8,4306
35,Sales,Female,80,Sales Executive,16,3,5,4859
34,Sales,Male,74,Sales Executive,12,3,10,5337
26,Research & Development,Male,66,Laboratory Technician,18,3,1,2340
37,Research & Development,Female,59,Manufacturing Director,17,3,12,7491
46,Research & Development,Female,86,Healthcare Representative,11,3,28,10527
41,Sales,Female,91,Manager,16,3,22,16595
37,Sales,Male,69,Sales Executive,13,3,9,8834
52,Research & Development,Male,78,Research Scientist,12,3,18,5577
32,Sales,Male,60,Sales Executive,12,3,6,4707
24,Sales,Male,38,Sales Representative,13,3,3,2400
38,Research & Development,Female,76,Healthcare Representative,19,3,18,9824
37,Research & Development,Female,65,Manufacturing Director,12,3,8,6447
49,Research & Development,Male,58,Research Director,17,3,31,19502
24,Research & Development,Male,89,Research Scientist,11,3,6,2725
26,Sales,Male,66,Sales Executive,20,4,6,6272
24,Research & Development,Male,94,Laboratory Technician,21,4,1,2127
50,Human Resources,Male,99,Manager,11,3,32,18200
25,Sales,Male,40,Sales Representative,11,3,7,2096
24,Research & Development,Female,55,Laboratory Technician,16,3,6,2886
30,Sales,Male,74,Sales Representative,18,3,1,2033
34,Research & Development,Male,83,Research Scientist,13,3,6,3622
31,Sales,Male,46,Sales Executive,17,3,9,4233
35,Research & Development,Male,54,Laboratory Technician,14,3,9,3681
31,Sales,Male,66,Sales Executive,22,4,13,5460
27,Research & Development,Female,66,Research Scientist,12,3,6,2187
37,Sales,Male,75,Sales Executive,11,3,17,9602
20,Research & Development,Female,83,Research Scientist,13,3,1,2836
42,Research & Development,Female,81,Healthcare Representative,13,3,10,4089
43,Research & Development,Male,50,Research Director,14,3,21,16627
38,Research & Development,Female,43,Research Scientist,17,3,8,2619
43,Research & Development,Male,72,Laboratory Technician,13,3,10,5679
48,Research & Development,Female,40,Manager,11,3,21,15402
44,Human Resources,Female,50,Human Resources,11,3,10,5985
34,Sales,Female,31,Sales Representative,18,3,8,2579
27,Sales,Male,85,Sales Representative,11,3,5,3041
21,Sales,Male,49,Sales Representative,11,3,3,3447
44,Research & Development,Male,35,Manager,12,3,26,19513
22,Research & Development,Male,69,Research Scientist,20,4,3,2773
33,Sales,Male,39,Sales Executive,12,3,6,7104
32,Research & Development,Female,92,Research Scientist,12,3,6,6322
30,Research & Development,Female,71,Research Scientist,20,4,1,2083
53,Sales,Female,34,Sales Executive,20,4,18,8381
34,Research & Development,Male,42,Research Scientist,12,3,10,2691
45,Sales,Female,100,Sales Executive,14,3,5,4286
26,Research & Development,Female,71,Laboratory Technician,13,3,3,2659
37,Research & Development,Male,36,Manufacturing Director,15,3,10,9434
29,Sales,Female,62,Sales Executive,14,3,6,5561
35,Research & Development,Male,82,Research Scientist,13,3,17,6646
33,Research & Development,Male,30,Healthcare Representative,23,4,15,7725
54,Human Resources,Male,88,Human Resources,15,3,16,10725
36,Research & Development,Male,48,Manufacturing Director,11,3,13,8847
27,Research & Development,Male,54,Research Scientist,13,3,5,2045
20,Research & Development,Male,32,Research Scientist,11,3,1,1009
33,Research & Development,Male,70,Research Scientist,11,3,10,3348
35,Research & Development,Male,41,Laboratory Technician,18,3,1,1281
23,Research & Development,Male,58,Research Scientist,16,3,5,2819
25,Sales,Male,57,Sales Executive,22,4,4,4851
38,Sales,Female,46,Sales Executive,20,4,8,4028
29,Research & Development,Male,76,Research Scientist,18,3,10,2720
48,Sales,Male,56,Sales Executive,12,3,12,8120
27,Sales,Female,71,Sales Executive,20,4,6,4647
37,Research & Development,Male,80,Research Scientist,17,3,4,4680
50,Research & Development,Male,74,Laboratory Technician,11,3,20,3221
34,Research & Development,Female,46,Healthcare Representative,14,3,9,8621
24,Sales,Female,65,Sales Executive,14,3,4,4577
39,Research & Development,Female,80,Healthcare Representative,11,3,20,4553
32,Sales,Male,55,Sales Executive,12,3,10,5396
50,Sales,Male,50,Sales Executive,14,3,18,6796
38,Research & Development,Female,33,Healthcare Representative,13,3,10,7625
27,Research & Development,Female,68,Manufacturing Director,11,3,9,7412
32,Research & Development,Female,39,Research Director,15,3,10,11159
47,Sales,Male,42,Sales Executive,12,3,20,4960
40,Sales,Male,48,Sales Executive,21,4,20,10475
53,Research & Development,Male,59,Research Director,19,3,32,14814
41,Human Resources,Male,73,Manager,15,3,23,19141
60,Sales,Male,84,Sales Executive,14,3,10,5405
27,Research & Development,Male,32,Manufacturing Director,21,4,9,8793
41,Human Resources,Male,59,Manager,12,3,22,19189
50,Sales,Male,54,Sales Representative,15,3,4,3875
28,Research & Development,Female,67,Research Scientist,13,3,10,2216
36,Research & Development,Female,63,Research Director,14,3,10,11713
38,Research & Development,Female,81,Manufacturing Director,14,3,10,7861
44,Research & Development,Male,49,Laboratory Technician,14,3,9,3708
47,Sales,Female,49,Sales Executive,12,3,28,13770
30,Sales,Male,99,Sales Executive,23,4,10,5304
29,Sales,Male,99,Sales Representative,11,3,1,2642
42,Research & Development,Male,57,Research Scientist,12,3,7,2759
43,Sales,Male,47,Sales Executive,18,3,7,6804
34,Research & Development,Female,96,Healthcare Representative,11,3,10,6142
23,Research & Development,Male,37,Laboratory Technician,14,3,5,2500
39,Human Resources,Female,44,Human Resources,15,3,12,6389
56,Research & Development,Male,81,Healthcare Representative,11,3,30,11103
40,Research & Development,Female,86,Research Scientist,20,4,5,2342
27,Research & Development,Female,55,Healthcare Representative,19,3,9,6811
29,Sales,Male,83,Sales Representative,14,3,2,2297
53,Research & Development,Male,86,Laboratory Technician,17,3,19,2450
35,Research & Development,Female,61,Healthcare Representative,11,3,16,5093
32,Research & Development,Male,80,Laboratory Technician,15,3,10,5309
38,Research & Development,Male,92,Research Scientist,13,3,6,3057
34,Research & Development,Female,32,Manufacturing Director,14,3,7,5121
52,Sales,Male,31,Manager,11,3,34,16856
33,Research & Development,Male,63,Research Scientist,13,3,10,2686
25,Sales,Female,32,Sales Executive,23,4,6,6180
45,Sales,Male,46,Sales Representative,13,3,9,6632
23,Research & Development,Male,79,Research Scientist,18,3,2,3505
47,Sales,Female,77,Sales Executive,12,3,8,6397
34,Sales,Male,60,Sales Executive,22,4,6,6274
55,Research & Development,Male,78,Manager,13,3,24,19859
36,Sales,Male,76,Sales Executive,15,3,10,7587
52,Research & Development,Male,41,Research Scientist,18,3,5,4258
26,Research & Development,Female,71,Laboratory Technician,14,3,5,4364
29,Research & Development,Female,66,Healthcare Representative,12,3,11,4335
26,Sales,Male,38,Sales Executive,17,3,6,5326
34,Research & Development,Female,72,Research Scientist,16,3,10,3280
54,Research & Development,Female,95,Manufacturing Director,11,3,9,5485
27,Sales,Male,84,Sales Executive,19,3,5,4342
37,Research & Development,Female,82,Research Scientist,13,3,6,2782
38,Research & Development,Female,75,Manufacturing Director,12,3,17,5980
34,Research & Development,Female,86,Research Scientist,11,3,6,4381
35,Sales,Female,72,Sales Representative,16,3,3,2572
30,Research & Development,Male,38,Laboratory Technician,21,4,7,3833
40,Research & Development,Female,38,Healthcare Representative,24,4,8,4244
34,Sales,Female,93,Sales Executive,17,3,6,6500
42,Research & Development,Male,66,Manager,13,3,24,18430
23,Research & Development,Male,63,Laboratory Technician,21,4,1,1601
24,Research & Development,Male,60,Laboratory Technician,11,3,1,2694
52,Research & Development,Female,82,Laboratory Technician,20,4,9,3149
50,Research & Development,Male,64,Research Director,16,3,30,17639
29,Research & Development,Female,36,Laboratory Technician,11,3,1,2319
33,Research & Development,Male,49,Research Director,11,3,14,11691
33,Sales,Female,69,Sales Executive,15,3,6,5324
47,Research & Development,Female,33,Manager,11,3,26,16752
36,Research & Development,Female,35,Manufacturing Director,15,3,10,5228
29,Research & Development,Male,81,Research Scientist,24,4,10,2700
58,Research & Development,Male,31,Research Director,12,3,40,19246
35,Research & Development,Female,40,Research Scientist,13,3,7,2506
42,Research & Development,Female,43,Manufacturing Director,13,3,8,6062
28,Research & Development,Male,46,Research Scientist,17,3,5,4382
36,Human Resources,Male,36,Human Resources,13,3,8,2143
32,Research & Development,Female,98,Manufacturing Director,12,3,14,6162
40,Research & Development,Male,51,Laboratory Technician,14,3,10,5094
30,Research & Development,Female,52,Manufacturing Director,24,4,12,6877
45,Research & Development,Female,95,Research Scientist,14,3,1,2274
42,Research & Development,Male,98,Manufacturing Director,13,3,10,4434
38,Research & Development,Male,45,Healthcare Representative,15,3,13,6288
34,Research & Development,Female,100,Research Scientist,16,3,6,2553
49,Sales,Female,43,Sales Executive,18,3,9,7654
55,Sales,Male,37,Sales Executive,16,3,12,5160
43,Research & Development,Male,94,Research Director,24,4,22,17159
27,Research & Development,Male,42,Research Director,16,3,9,12808
35,Research & Development,Male,59,Manufacturing Director,21,4,17,10221
28,Sales,Female,81,Sales Executive,20,4,8,4779
34,Human Resources,Male,88,Human Resources,19,3,4,3737
26,Research & Development,Female,88,Research Scientist,14,3,8,2366
27,Research & Development,Male,50,Research Scientist,11,3,0,1706
51,Sales,Female,66,Manager,14,3,29,16307
44,Research & Development,Male,50,Healthcare Representative,12,3,10,5933
25,Research & Development,Male,65,Research Scientist,13,3,6,3424
33,Sales,Male,48,Sales Executive,22,4,9,4037
35,Research & Development,Female,53,Research Scientist,11,3,6,2559
36,Sales,Male,56,Sales Executive,14,3,18,6201
32,Sales,Male,73,Sales Executive,11,3,8,4403
30,Research & Development,Male,75,Research Scientist,12,3,10,3761
53,Sales,Female,78,Sales Executive,18,3,35,10934
45,Sales,Male,74,Sales Executive,12,3,18,10761
32,Research & Development,Female,91,Research Scientist,12,3,9,5175
52,Research & Development,Female,81,Manufacturing Director,22,4,31,13826
37,Sales,Male,66,Sales Executive,19,3,9,6334
28,Human Resources,Male,63,Human Resources,13,3,6,4936
22,Research & Development,Male,33,Manufacturing Director,22,4,4,4775
44,Research & Development,Male,62,Laboratory Technician,24,4,10,2818
42,Research & Development,Male,35,Research Scientist,14,3,8,2515
36,Human Resources,Male,77,Human Resources,21,4,6,2342
25,Sales,Male,98,Sales Executive,18,3,5,4194
35,Research & Development,Female,66,Manufacturing Director,20,4,17,10685
35,Research & Development,Female,96,Research Scientist,19,3,10,2022
32,Research & Development,Male,61,Laboratory Technician,12,3,4,2314
25,Sales,Male,87,Sales Executive,12,3,5,4256
49,Research & Development,Female,36,Research Scientist,16,3,7,3580
24,Research & Development,Male,46,Laboratory Technician,17,3,6,3162
32,Sales,Male,48,Sales Executive,14,3,10,6524
38,Sales,Male,98,Sales Representative,19,3,3,2899
42,Research & Development,Female,95,Laboratory Technician,13,3,17,5231
31,Research & Development,Male,48,Research Scientist,19,3,8,2356
29,Sales,Female,48,Sales Representative,19,3,5,2800
53,Sales,Male,73,Sales Executive,14,3,28,11836
35,Research & Development,Male,78,Manufacturing Director,16,3,16,10903
37,Sales,Female,54,Sales Representative,15,3,10,2973
53,Research & Development,Female,72,Research Director,18,3,33,14275
43,Research & Development,Female,33,Healthcare Representative,13,3,12,5562
47,Sales,Female,35,Sales Executive,22,4,8,4537
37,Sales,Male,32,Sales Executive,13,3,10,7642
50,Research & Development,Male,98,Manager,11,3,31,17924
39,Human Resources,Female,42,Human Resources,11,3,13,5204
33,Human Resources,Male,57,Human Resources,11,3,7,2277
32,Research & Development,Male,87,Laboratory Technician,24,4,1,2795
29,Research & Development,Female,62,Laboratory Technician,14,3,8,2532
44,Research & Development,Male,61,Research Scientist,13,3,8,2559
28,Sales,Male,98,Sales Executive,14,3,4,4908
58,Research & Development,Male,57,Laboratory Technician,14,3,3,2380
43,Research & Development,Female,55,Manufacturing Director,21,4,4,4765
20,Sales,Female,49,Sales Representative,13,3,2,2044
21,Research & Development,Female,65,Research Scientist,19,3,1,2693
36,Research & Development,Male,68,Healthcare Representative,17,3,17,6586
47,Sales,Female,65,Sales Representative,18,3,3,3294
22,Research & Development,Female,34,Manufacturing Director,19,3,4,4171
41,Research & Development,Female,57,Laboratory Technician,13,3,10,2778
28,Research & Development,Female,77,Research Scientist,18,3,6,2377
39,Research & Development,Male,70,Laboratory Technician,21,4,8,2404
27,Research & Development,Female,76,Research Scientist,19,3,1,2318
34,Research & Development,Male,83,Laboratory Technician,14,3,1,2008
42,Sales,Female,68,Sales Executive,17,3,10,6244
33,Research & Development,Male,100,Research Scientist,11,3,6,2799
58,Research & Development,Female,37,Healthcare Representative,13,3,24,10552
31,Sales,Male,41,Sales Representative,15,3,13,2329
35,Research & Development,Female,51,Healthcare Representative,25,4,10,4014
49,Research & Development,Female,51,Laboratory Technician,11,3,29,7403
48,Research & Development,Male,51,Research Scientist,17,3,13,2259
31,Sales,Female,45,Sales Executive,13,3,9,6932
36,Research & Development,Male,65,Research Scientist,18,3,8,4678
38,Research & Development,Female,80,Research Director,13,3,15,13582
32,Research & Development,Female,70,Laboratory Technician,20,4,5,2332
25,Sales,Male,36,Sales Representative,18,3,1,2413
40,Sales,Male,67,Sales Executive,12,3,11,9705
26,Sales,Male,52,Sales Executive,12,3,7,4294
41,Research & Development,Male,59,Laboratory Technician,13,3,20,4721
36,Research & Development,Male,79,Laboratory Technician,21,4,16,2519
19,Sales,Male,37,Sales Representative,13,3,1,2121
20,Research & Development,Male,84,Laboratory Technician,19,3,1,2973
31,Research & Development,Female,41,Healthcare Representative,11,3,10,5855
40,Research & Development,Male,35,Research Scientist,14,3,3,3617
32,Research & Development,Female,93,Manufacturing Director,12,3,8,6725
36,Sales,Male,51,Sales Executive,11,3,16,10325
33,Research & Development,Female,42,Healthcare Representative,14,3,6,6949
37,Sales,Male,46,Sales Executive,11,3,17,10609
45,Research & Development,Male,57,Laboratory Technician,12,3,9,4447
29,Sales,Female,84,Sales Representative,15,3,3,2157
35,Sales,Female,86,Sales Executive,16,3,5,4601
52,Research & Development,Male,70,Manager,15,3,26,17099
58,Research & Development,Male,51,Research Scientist,24,4,7,2479
53,Sales,Male,45,Manager,13,3,22,14852
30,Sales,Male,62,Sales Executive,11,3,10,7264
38,Sales,Female,85,Sales Executive,13,3,6,5666
35,Sales,Male,92,Sales Executive,13,3,12,7823
39,Sales,Male,41,Sales Executive,18,3,9,7880
40,Sales,Female,100,Sales Executive,16,3,22,13194
47,Research & Development,Male,64,Manufacturing Director,19,3,20,5067
36,Sales,Male,84,Sales Executive,13,3,12,5079
31,Research & Development,Male,46,Research Scientist,22,4,4,2321
33,Sales,Male,38,Manager,11,3,10,17444
29,Research & Development,Female,92,Research Scientist,20,4,3,2404
33,Research & Development,Female,53,Research Scientist,18,3,5,3452
45,Research & Development,Female,91,Laboratory Technician,14,3,8,2270
50,Research & Development,Male,66,Research Director,22,4,32,17399
33,Research & Development,Female,84,Healthcare Representative,13,3,6,5488
41,Research & Development,Male,64,Research Director,17,3,21,19419
27,Research & Development,Female,37,Laboratory Technician,14,3,4,2811
45,Research & Development,Male,42,Laboratory Technician,15,3,9,3633
47,Sales,Female,83,Sales Executive,17,3,9,4163
30,Research & Development,Female,48,Research Scientist,11,3,7,2132
50,Research & Development,Male,95,Manufacturing Director,18,3,22,13973
38,Research & Development,Male,66,Research Scientist,17,3,3,2684
46,Research & Development,Male,75,Manufacturing Director,13,3,13,10845
24,Research & Development,Female,41,Manufacturing Director,15,3,5,4377
35,Research & Development,Male,39,Laboratory Technician,24,4,5,3743
31,Research & Development,Female,96,Manufacturing Director,12,3,4,4148
18,Research & Development,Male,73,Research Scientist,15,3,0,1051
54,Research & Development,Female,56,Manufacturing Director,11,3,22,10739
35,Research & Development,Female,57,Healthcare Representative,11,3,16,10388
30,Research & Development,Female,73,Research Director,12,3,9,11416
20,Research & Development,Female,98,Research Scientist,15,3,1,2600
30,Research & Development,Female,60,Laboratory Technician,17,3,4,2422
26,Research & Development,Male,32,Manufacturing Director,12,3,8,5472
22,Research & Development,Male,94,Laboratory Technician,15,3,4,2451
48,Research & Development,Male,97,Healthcare Representative,13,3,19,4240
48,Research & Development,Male,78,Healthcare Representative,14,3,27,10999
41,Research & Development,Female,42,Manufacturing Director,14,3,8,5003
39,Research & Development,Female,65,Manufacturing Director,16,3,21,12742
27,Research & Development,Female,47,Manufacturing Director,18,3,4,4227
35,Research & Development,Male,45,Laboratory Technician,20,4,3,3917
42,Sales,Male,90,Manager,13,3,21,18303
50,Research & Development,Male,64,Laboratory Technician,18,3,8,2380
59,Research & Development,Female,69,Manufacturing Director,13,3,30,13726
37,Research & Development,Female,61,Healthcare Representative,15,3,15,4777
55,Research & Development,Male,62,Healthcare Representative,14,3,17,6385
41,Research & Development,Female,55,Research Director,22,4,21,19973
38,Sales,Male,42,Sales Executive,12,3,19,6861
26,Sales,Male,79,Sales Executive,18,3,7,4969
52,Sales,Female,57,Manager,15,3,33,19845
44,Sales,Female,53,Sales Executive,18,3,23,13320
50,Sales,Female,95,Sales Executive,12,3,19,6347
36,Research & Development,Female,43,Laboratory Technician,16,3,18,2743
39,Research & Development,Female,82,Manufacturing Director,13,3,21,10880
33,Sales,Female,88,Sales Representative,19,3,3,2342
45,Sales,Female,90,Manager,13,3,26,17650
32,Research & Development,Female,69,Laboratory Technician,12,3,10,4025
34,Sales,Male,75,Sales Executive,11,3,16,9725
59,Sales,Male,66,Manager,14,3,14,11904
45,Human Resources,Male,36,Human Resources,16,3,6,2177
53,Sales,Female,38,Sales Executive,12,3,30,7525
36,Research & Development,Male,81,Laboratory Technician,14,3,9,4834
26,Research & Development,Male,57,Research Scientist,14,3,6,2042
34,Sales,Female,87,Sales Representative,19,3,1,2220
28,Sales,Male,74,Sales Representative,22,4,1,1052
38,Research & Development,Male,44,Research Scientist,16,3,8,2821
50,Research & Development,Male,62,Research Director,11,3,29,19237
37,Research & Development,Female,35,Healthcare Representative,15,3,8,4107
40,Sales,Male,74,Sales Executive,14,3,8,8396
26,Research & Development,Female,66,Research Scientist,13,3,5,2007
46,Research & Development,Male,40,Research Director,17,3,23,19627
54,Sales,Female,41,Sales Executive,11,3,13,10686
56,Research & Development,Female,63,Research Scientist,19,3,18,2942
36,Research & Development,Female,51,Manufacturing Director,11,3,15,8858
55,Research & Development,Male,40,Manager,15,3,31,16756
43,Sales,Male,79,Sales Executive,13,3,18,10798
20,Sales,Female,54,Sales Representative,14,3,2,2323
21,Research & Development,Female,36,Laboratory Technician,13,3,1,1416
46,Research & Development,Female,74,Research Scientist,23,4,19,4615
51,Research & Development,Male,34,Research Scientist,12,3,18,2461
28,Research & Development,Male,72,Healthcare Representative,12,3,10,8722
26,Research & Development,Male,59,Laboratory Technician,16,3,6,3955
30,Research & Development,Male,85,Manufacturing Director,15,3,7,9957
41,Research & Development,Female,43,Research Scientist,13,3,10,3376
38,Research & Development,Female,65,Healthcare Representative,18,3,20,8823
40,Research & Development,Male,61,Healthcare Representative,20,4,14,10322
27,Research & Development,Male,87,Laboratory Technician,19,3,3,4621
55,Research & Development,Male,65,Manufacturing Director,18,3,23,10976
28,Research & Development,Female,59,Research Scientist,13,3,10,3660
44,Human Resources,Male,91,Human Resources,14,3,24,10482
33,Research & Development,Male,34,Healthcare Representative,15,3,9,7119
35,Sales,Male,86,Sales Executive,22,4,9,9582
33,Research & Development,Female,54,Research Scientist,22,4,14,4508
28,Research & Development,Male,50,Laboratory Technician,16,3,4,2207
34,Research & Development,Male,45,Healthcare Representative,17,3,7,7756
37,Sales,Female,88,Sales Executive,14,3,8,6694
25,Research & Development,Male,32,Laboratory Technician,15,3,7,3691
26,Research & Development,Male,37,Laboratory Technician,20,4,1,2377
33,Research & Development,Male,55,Research Scientist,20,4,5,2313
42,Research & Development,Male,35,Manager,17,3,23,17665
28,Research & Development,Male,45,Laboratory Technician,15,3,1,2596
50,Sales,Male,81,Sales Executive,14,3,5,4728
33,Sales,Female,30,Sales Executive,17,3,4,4302
34,Research & Development,Male,40,Research Scientist,17,3,6,2979
48,Research & Development,Male,35,Manager,22,4,27,16885
45,Sales,Female,65,Sales Executive,13,3,15,5593
52,Research & Development,Male,87,Healthcare Representative,19,3,18,10445
38,Sales,Male,73,Sales Executive,14,3,9,8740
29,Research & Development,Female,93,Research Scientist,22,4,11,2514
28,Research & Development,Female,93,Manufacturing Director,17,3,10,7655
46,Sales,Male,52,Manager,12,3,23,17465
38,Sales,Male,32,Sales Executive,16,3,10,7351
43,Research & Development,Female,83,Manufacturing Director,11,3,18,10820
39,Research & Development,Male,84,Healthcare Representative,11,3,21,12169
40,Research & Development,Male,44,Research Director,14,3,21,19626
21,Research & Development,Female,70,Research Scientist,11,3,2,2070
39,Research & Development,Male,70,Laboratory Technician,15,3,9,6782
36,Research & Development,Male,78,Manufacturing Director,20,4,18,7779
31,Sales,Male,67,Sales Representative,12,3,3,2791
28,Research & Development,Male,67,Research Scientist,17,3,6,3201
35,Sales,Male,54,Sales Executive,11,3,5,4968
49,Sales,Male,56,Sales Executive,17,3,22,13120
34,Research & Development,Male,95,Manufacturing Director,11,3,5,4033
29,Research & Development,Female,61,Research Scientist,14,3,8,3291
42,Research & Development,Male,56,Laboratory Technician,19,3,16,4272
29,Research & Development,Male,79,Manufacturing Director,15,3,10,5056
38,Human Resources,Male,37,Human Resources,13,3,7,2844
28,Research & Development,Male,39,Research Scientist,14,3,3,2703
18,Research & Development,Male,80,Laboratory Technician,12,3,0,1904
33,Sales,Female,77,Sales Executive,17,3,6,8224
41,Research & Development,Male,46,Laboratory Technician,11,3,6,4766
31,Research & Development,Male,72,Laboratory Technician,12,3,2,2610
37,Research & Development,Female,52,Healthcare Representative,13,3,9,5731
27,Research & Development,Male,55,Research Scientist,13,3,4,2539
34,Sales,Female,70,Sales Executive,20,4,6,5714
35,Human Resources,Male,100,Human Resources,17,3,6,4323
29,Sales,Female,45,Sales Executive,13,3,11,7336
40,Research & Development,Female,88,Research Director,17,3,20,13499
42,Sales,Male,44,Sales Executive,12,3,22,13758
42,Sales,Male,45,Sales Executive,13,3,9,5155
35,Research & Development,Male,58,Laboratory Technician,12,3,10,2258
24,Research & Development,Male,49,Laboratory Technician,22,4,6,3597
28,Research & Development,Female,79,Laboratory Technician,11,3,1,2515
26,Research & Development,Male,82,Laboratory Technician,22,4,8,4420
30,Sales,Male,72,Sales Executive,18,3,10,6578
40,Research & Development,Female,92,Research Scientist,13,3,16,4422
35,Research & Development,Male,44,Manufacturing Director,18,3,15,10274
34,Research & Development,Male,97,Healthcare Representative,20,4,14,5343
35,Research & Development,Male,47,Laboratory Technician,13,3,2,2376
43,Sales,Female,85,Sales Executive,13,3,7,5346
32,Sales,Female,76,Sales Representative,12,3,1,2827
56,Research & Development,Female,92,Manager,13,3,28,19943
29,Research & Development,Female,54,Laboratory Technician,13,3,10,3131
19,Research & Development,Male,54,Research Scientist,25,4,1,2552
45,Research & Development,Female,83,Research Scientist,19,3,7,4477
37,Research & Development,Female,56,Manufacturing Director,13,3,14,6474
20,Research & Development,Male,87,Laboratory Technician,12,3,2,3033
44,Research & Development,Male,96,Research Scientist,11,3,6,2936
53,Research & Development,Female,50,Manager,18,3,26,18606
29,Research & Development,Female,69,Research Scientist,18,3,6,2168
22,Research & Development,Male,48,Research Scientist,11,3,1,2853
46,Sales,Female,69,Manager,23,4,28,17048
44,Research & Development,Male,74,Research Scientist,13,3,6,2290
33,Human Resources,Male,99,Human Resources,13,3,5,3600
41,Research & Development,Male,95,Research Scientist,17,3,5,2107
30,Sales,Male,61,Sales Executive,19,3,8,4115
40,Sales,Male,62,Sales Executive,12,3,5,4327
50,Research & Development,Female,30,Manager,22,4,32,17856
28,Research & Development,Male,78,Laboratory Technician,12,3,6,3196
46,Research & Development,Male,52,Research Director,11,3,25,19081
35,Sales,Male,94,Sales Executive,15,3,15,8966
24,Research & Development,Female,97,Laboratory Technician,13,3,1,2210
33,Sales,Female,82,Sales Executive,12,3,10,4539
36,Research & Development,Male,60,Laboratory Technician,14,3,7,2741
30,Research & Development,Male,49,Laboratory Technician,13,3,10,3491
44,Research & Development,Male,32,Research Scientist,25,4,20,4541
20,Sales,Male,43,Sales Representative,17,3,2,2678
46,Research & Development,Male,60,Manufacturing Director,11,3,12,7379
42,Human Resources,Male,79,Human Resources,16,3,10,6272
60,Sales,Male,52,Sales Executive,18,3,12,5220
32,Research & Development,Female,77,Laboratory Technician,20,4,2,2743
32,Research & Development,Female,38,Research Scientist,14,3,10,4998
36,Research & Development,Female,77,Manufacturing Director,21,4,17,10252
33,Research & Development,Male,60,Research Scientist,13,3,15,2781
40,Sales,Female,84,Sales Executive,12,3,7,6852
25,Sales,Male,57,Sales Executive,14,3,5,4950
30,Research & Development,Male,63,Research Scientist,21,4,12,3579
42,Research & Development,Female,60,Research Director,17,3,20,13191
35,Sales,Female,78,Sales Executive,11,3,16,10377
27,Research & Development,Male,42,Research Scientist,14,3,9,2235
54,Research & Development,Female,53,Manufacturing Director,17,3,33,10502
44,Research & Development,Female,72,Research Scientist,13,3,10,2011
19,Research & Development,Female,96,Research Scientist,25,4,1,1859
29,Research & Development,Female,97,Research Scientist,15,3,3,3760
54,Research & Development,Male,85,Research Director,14,3,36,17779
31,Research & Development,Male,80,Healthcare Representative,12,3,6,6833
31,Research & Development,Female,96,Healthcare Representative,19,3,10,6812
59,Sales,Female,48,Sales Executive,17,3,13,5171
43,Research & Development,Male,96,Research Director,14,3,25,19740
49,Research & Development,Male,85,Manager,13,3,23,18711
36,Research & Development,Male,46,Research Scientist,12,3,12,3692
48,Research & Development,Male,76,Laboratory Technician,11,3,7,2559
27,Research & Development,Male,76,Research Scientist,11,3,5,2517
29,Research & Development,Male,82,Healthcare Representative,11,3,6,6623
48,Research & Development,Male,76,Research Director,12,3,25,18265
29,Research & Development,Female,87,Research Director,14,3,9,16124
34,Research & Development,Female,89,Research Scientist,17,3,2,2585
44,Sales,Male,88,Manager,11,3,26,18213
33,Sales,Male,82,Sales Executive,14,3,10,8380
19,Research & Development,Female,57,Research Scientist,12,3,1,2994
23,Research & Development,Male,47,Research Scientist,22,4,1,1223
25,Sales,Male,73,Sales Representative,14,3,1,1118
26,Research & Development,Male,53,Research Scientist,20,4,8,2875
45,Sales,Female,94,Manager,16,3,26,18824
55,Research & Development,Male,37,Healthcare Representative,15,3,34,13577
21,Research & Development,Female,45,Laboratory Technician,20,4,2,2625
46,Sales,Female,33,Manager,14,3,26,18789
34,Sales,Female,86,Sales Executive,12,3,4,4538
51,Sales,Male,83,Manager,24,4,31,19847
59,Research & Development,Male,67,Manufacturing Director,12,3,25,10512
34,Research & Development,Female,46,Laboratory Technician,13,3,15,4444
28,Research & Development,Male,44,Laboratory Technician,11,3,5,2154
44,Research & Development,Male,92,Manager,14,3,26,19190
34,Human Resources,Male,56,Human Resources,11,3,14,4490
35,Research & Development,Male,66,Research Scientist,14,3,4,3506
42,Research & Development,Female,78,Research Scientist,16,3,18,2372
43,Sales,Female,56,Sales Executive,14,3,23,10231
36,Research & Development,Female,53,Manufacturing Director,11,3,18,5410
44,Research & Development,Female,73,Healthcare Representative,11,3,10,7978
28,Research & Development,Male,52,Laboratory Technician,12,3,2,3867
51,Research & Development,Female,40,Laboratory Technician,14,3,8,2838
30,Research & Development,Female,72,Manufacturing Director,18,3,10,4695
29,Research & Development,Female,39,Laboratory Technician,13,3,10,3339
28,Research & Development,Male,84,Research Scientist,11,3,5,2080
25,Research & Development,Female,40,Research Scientist,18,3,2,2096
32,Sales,Male,56,Sales Executive,15,3,10,6209
45,Research & Development,Female,83,Manager,22,4,22,18061
39,Research & Development,Female,94,Manager,13,3,21,17123
58,Research & Development,Male,88,Research Scientist,12,3,2,2372
32,Research & Development,Male,79,Laboratory Technician,18,3,10,4883
39,Research & Development,Male,93,Research Scientist,13,3,6,3904
30,Research & Development,Female,48,Laboratory Technician,12,3,10,4627
36,Research & Development,Female,63,Healthcare Representative,12,3,10,7094
46,Human Resources,Female,44,Human Resources,12,3,10,3423
28,Research & Development,Female,55,Laboratory Technician,11,3,10,6674
50,Research & Development,Female,43,Research Director,11,3,25,16880
40,Sales,Male,57,Sales Executive,12,3,9,9094
52,Sales,Male,64,Sales Executive,19,3,10,8446
30,Research & Development,Female,95,Manager,23,4,9,11916
39,Research & Development,Male,32,Manufacturing Director,11,3,9,4534
31,Sales,Female,57,Sales Executive,19,3,10,9852
41,Sales,Male,40,Sales Executive,13,3,19,6151
31,Sales,Female,54,Sales Representative,11,3,3,2302
44,Research & Development,Male,89,Laboratory Technician,12,3,10,2362
42,Research & Development,Male,37,Manager,13,3,21,17861
55,Research & Development,Female,58,Manager,14,3,23,19187
56,Human Resources,Male,99,Manager,14,3,36,19717
40,Research & Development,Male,74,Research Scientist,16,3,6,3544
34,Research & Development,Male,86,Healthcare Representative,11,3,10,8500
40,Research & Development,Male,98,Research Scientist,13,3,9,4661
41,Sales,Female,66,Sales Executive,17,3,10,4103
35,Research & Development,Male,87,Research Scientist,11,3,9,4249
51,Human Resources,Male,84,Manager,11,3,33,14026
38,Sales,Female,31,Sales Executive,15,3,11,6893
34,Sales,Female,66,Sales Executive,12,3,10,6125
25,Research & Development,Male,67,Laboratory Technician,11,3,7,3669
58,Research & Development,Female,53,Manufacturing Director,14,3,31,10008
40,Research & Development,Male,88,Laboratory Technician,22,4,7,2387
36,Sales,Female,83,Sales Executive,16,3,17,4639
48,Research & Development,Male,54,Manufacturing Director,11,3,11,7898
27,Sales,Female,98,Sales Representative,14,3,5,2534
51,Research & Development,Female,82,Manufacturing Director,16,3,29,13142
18,Research & Development,Female,97,Laboratory Technician,15,3,0,1611
35,Research & Development,Female,60,Laboratory Technician,12,3,10,5363
27,Sales,Male,43,Sales Executive,20,4,8,5071
55,Sales,Male,85,Sales Executive,17,3,24,13695
56,Research & Development,Male,68,Manufacturing Director,12,3,33,13402
34,Research & Development,Female,92,Research Scientist,20,4,5,2029
40,Research & Development,Female,89,Healthcare Representative,20,4,15,6377
34,Research & Development,Male,86,Laboratory Technician,13,3,10,5429
31,Sales,Female,90,Sales Representative,14,3,3,2785
35,Sales,Female,67,Sales Executive,18,3,5,4614
38,Research & Development,Male,57,Research Scientist,11,3,4,2610
34,Research & Development,Female,98,Healthcare Representative,11,3,14,6687
28,Sales,Male,48,Sales Executive,11,3,5,4724
31,Research & Development,Male,98,Manufacturing Director,15,3,10,6179
39,Sales,Male,44,Sales Executive,12,3,8,6120
51,Sales,Male,52,Sales Executive,11,3,14,10596
41,Research & Development,Female,75,Research Scientist,14,3,12,5467
37,Research & Development,Male,54,Research Scientist,15,3,8,2996
33,Sales,Male,61,Sales Executive,13,3,8,9998
32,Sales,Male,36,Sales Executive,13,3,4,4078
39,Research & Development,Male,71,Healthcare Representative,21,4,13,10920
25,Sales,Male,93,Sales Executive,11,3,6,6232
52,Research & Development,Female,59,Manufacturing Director,11,3,24,13247
43,Research & Development,Female,73,Research Scientist,14,3,20,4081
27,Sales,Female,98,Sales Executive,11,3,6,5769
27,Research & Development,Female,51,Research Scientist,13,3,8,2394
26,Research & Development,Male,36,Research Scientist,12,3,5,3904
42,Human Resources,Female,31,Manager,14,3,21,16799
52,Research & Development,Female,54,Laboratory Technician,13,3,12,2950
37,Research & Development,Female,94,Laboratory Technician,18,3,8,3629
35,Research & Development,Male,60,Manufacturing Director,11,3,10,9362
25,Research & Development,Male,81,Laboratory Technician,11,3,7,3229
26,Research & Development,Male,100,Laboratory Technician,12,3,8,3578
29,Human Resources,Male,51,Human Resources,13,3,10,7988
49,Research & Development,Male,97,Laboratory Technician,20,4,20,4284
29,Research & Development,Female,84,Healthcare Representative,12,3,9,7553
54,Research & Development,Female,54,Research Director,19,3,29,17328
58,Research & Development,Female,76,Research Director,21,4,32,19701
55,Research & Development,Male,81,Research Director,13,3,31,14732
36,Sales,Female,99,Sales Executive,16,3,15,9278
31,Sales,Female,50,Sales Representative,12,3,1,1359
30,Sales,Female,73,Sales Executive,14,3,8,4779
31,Research & Development,Female,93,Research Director,11,3,9,16422
34,Research & Development,Male,91,Research Scientist,14,3,10,2996
31,Research & Development,Female,34,Research Scientist,12,3,1,1261
27,Research & Development,Male,91,Laboratory Technician,14,3,6,2099
36,Research & Development,Male,37,Laboratory Technician,16,3,10,5810
36,Sales,Female,98,Sales Executive,13,3,11,5647
47,Research & Development,Male,74,Research Scientist,12,3,17,3420
25,Sales,Male,68,Sales Representative,12,3,6,4400
37,Research & Development,Male,84,Laboratory Technician,14,3,7,3500
56,Research & Development,Female,90,Research Scientist,22,4,5,2066
47,Research & Development,Female,82,Research Director,19,3,26,17169
24,Sales,Female,42,Sales Executive,12,3,5,4162
32,Sales,Male,97,Sales Executive,12,3,7,9204
34,Research & Development,Female,86,Laboratory Technician,17,3,7,3294
41,Research & Development,Male,90,Research Scientist,12,3,7,2127
40,Research & Development,Male,81,Laboratory Technician,11,3,11,3975
31,Sales,Male,31,Sales Executive,18,3,13,10793
46,Sales,Male,52,Sales Executive,11,3,28,10096
39,Research & Development,Female,54,Laboratory Technician,23,4,11,3646
31,Research & Development,Female,100,Manufacturing Director,11,3,10,7446
45,Research & Development,Male,95,Healthcare Representative,18,3,24,10851
31,Human Resources,Female,96,Human Resources,18,3,8,2109
31,Research & Development,Male,94,Laboratory Technician,13,3,7,3722
45,Research & Development,Male,55,Manufacturing Director,18,3,10,9380
48,Sales,Male,96,Sales Executive,11,3,15,5486
34,Human Resources,Female,52,Human Resources,15,3,2,2742
40,Research & Development,Male,55,Research Director,11,3,16,13757
28,Sales,Male,84,Sales Executive,18,3,6,8463
44,Research & Development,Male,90,Laboratory Technician,14,3,7,3162
53,Research & Development,Male,39,Research Director,12,3,35,16598
49,Research & Development,Male,96,Healthcare Representative,14,3,20,6651
40,Research & Development,Male,68,Research Scientist,14,3,8,2345
44,Research & Development,Male,49,Research Scientist,13,3,6,3420
33,Sales,Male,54,Sales Executive,14,3,5,4373
34,Sales,Male,81,Sales Executive,18,3,15,4759
30,Sales,Male,96,Sales Executive,15,3,4,5301
42,Research & Development,Female,74,Laboratory Technician,13,3,12,3673
44,Sales,Female,79,Sales Executive,12,3,11,4768
30,Research & Development,Male,64,Research Scientist,13,3,1,1274
57,Research & Development,Male,93,Research Scientist,24,4,13,4900
49,Research & Development,Male,35,Healthcare Representative,14,3,29,10466
34,Research & Development,Male,71,Research Director,14,3,16,17007
28,Sales,Male,92,Sales Representative,15,3,5,2909
29,Sales,Female,51,Sales Executive,11,3,7,5765
34,Sales,Female,40,Sales Executive,23,4,16,4599
35,Sales,Male,76,Sales Representative,13,3,1,2404
24,Research & Development,Male,89,Laboratory Technician,11,3,4,3172
24,Sales,Female,78,Sales Representative,13,3,1,2033
44,Research & Development,Male,86,Manufacturing Director,18,3,16,10209
29,Sales,Male,77,Sales Executive,14,3,10,8620
30,Human Resources,Male,46,Human Resources,21,4,6,2064
55,Research & Development,Male,30,Healthcare Representative,16,3,4,4035
33,Research & Development,Female,82,Laboratory Technician,11,3,8,3838
47,Sales,Female,78,Sales Executive,17,3,11,4591
28,Research & Development,Male,38,Laboratory Technician,11,3,8,2561
28,Research & Development,Male,72,Research Scientist,14,3,1,1563
28,Sales,Male,55,Sales Executive,14,3,5,4898
49,Research & Development,Female,43,Laboratory Technician,25,4,10,4789
29,Research & Development,Female,97,Laboratory Technician,13,3,4,3180
28,Research & Development,Male,96,Manufacturing Director,14,3,8,6549
33,Research & Development,Male,69,Healthcare Representative,17,3,14,6388
32,Research & Development,Male,64,Manager,25,4,10,11244
54,Research & Development,Female,87,Manager,20,4,26,16032
29,Research & Development,Male,100,Research Scientist,13,3,11,2362
44,Research & Development,Male,32,Research Director,13,3,24,16328
39,Research & Development,Female,32,Manufacturing Director,18,3,9,8376
46,Sales,Female,51,Manager,12,3,23,16606
35,Research & Development,Female,91,Healthcare Representative,19,3,11,8606
23,Research & Development,Male,97,Laboratory Technician,14,3,5,2272
40,Research & Development,Male,86,Laboratory Technician,14,3,15,2018
34,Sales,Male,64,Sales Executive,14,3,10,7083
31,Research & Development,Female,33,Research Scientist,12,3,7,4084
50,Research & Development,Male,88,Research Director,13,3,32,14411
34,Sales,Male,55,Sales Representative,25,4,12,2308
42,Research & Development,Male,68,Laboratory Technician,14,3,4,4841
37,Research & Development,Male,47,Research Scientist,17,3,10,4285
29,Research & Development,Female,39,Healthcare Representative,13,3,9,9715
33,Research & Development,Male,44,Manufacturing Director,13,3,5,4320
45,Research & Development,Male,97,Research Scientist,20,4,8,2132
42,Research & Development,Male,40,Healthcare Representative,14,3,24,10124
40,Sales,Male,47,Sales Executive,12,3,9,5473
33,Research & Development,Male,79,Laboratory Technician,12,3,15,5207
40,Human Resources,Male,38,Manager,21,4,21,16437
24,Research & Development,Male,57,Laboratory Technician,14,3,2,2296
40,Research & Development,Male,72,Healthcare Representative,18,3,8,4069
45,Research & Development,Male,66,Healthcare Representative,12,3,10,7441
35,Sales,Female,98,Sales Representative,23,4,6,2430
32,Research & Development,Female,67,Research Scientist,12,3,12,5878
36,Sales,Male,70,Sales Representative,21,4,7,2644
48,Sales,Female,96,Sales Executive,14,3,18,6439
29,Research & Development,Male,91,Research Scientist,18,3,5,2451
33,Sales,Male,46,Sales Executive,13,3,8,6392
30,Sales,Male,64,Sales Executive,11,3,10,9714
38,Human Resources,Male,71,Human Resources,11,3,10,6077
35,Research & Development,Male,68,Laboratory Technician,19,3,3,2450
30,Sales,Male,33,Sales Executive,12,3,9,9250
35,Research & Development,Female,69,Laboratory Technician,12,3,1,2074
53,Research & Development,Female,78,Manufacturing Director,16,3,34,10169
38,Research & Development,Male,81,Manufacturing Director,11,3,7,4855
32,Research & Development,Male,62,Research Scientist,14,3,9,4087
48,Research & Development,Female,65,Research Scientist,12,3,10,2367
34,Research & Development,Male,35,Research Scientist,13,3,1,2972
55,Sales,Male,60,Manager,21,4,36,19586
34,Research & Development,Male,45,Research Scientist,17,3,9,5484
26,Research & Development,Female,89,Research Scientist,21,4,1,2061
38,Sales,Male,80,Sales Executive,11,3,10,9924
38,Sales,Female,90,Sales Executive,12,3,8,4198
36,Sales,Female,73,Sales Executive,13,3,15,6815
29,Research & Development,Male,87,Laboratory Technician,18,3,10,4723
35,Research & Development,Female,51,Healthcare Representative,16,3,10,6142
39,Sales,Male,38,Sales Executive,11,3,11,8237
29,Research & Development,Male,87,Healthcare Representative,19,3,6,8853
50,Sales,Male,59,Manager,16,3,27,19331
23,Research & Development,Male,45,Research Scientist,16,3,4,2073
36,Research & Development,Male,80,Laboratory Technician,13,3,9,5562
42,Research & Development,Male,93,Manager,22,4,24,19613
35,Research & Development,Male,46,Laboratory Technician,17,3,10,3407
34,Research & Development,Male,92,Healthcare Representative,14,3,8,5063
40,Sales,Female,84,Sales Executive,15,3,5,4639
43,Research & Development,Male,87,Laboratory Technician,12,3,8,4876
35,Research & Development,Male,63,Laboratory Technician,18,3,1,2690
46,Sales,Male,56,Manager,15,3,27,17567
28,Research & Development,Male,51,Laboratory Technician,17,3,1,2408
22,Research & Development,Female,85,Research Scientist,14,3,4,2814
50,Research & Development,Male,41,Healthcare Representative,15,3,32,11245
32,Research & Development,Female,35,Research Scientist,17,3,6,3312
44,Research & Development,Female,31,Research Director,14,3,23,19049
30,Research & Development,Male,48,Research Scientist,12,3,6,2141
45,Research & Development,Female,50,Laboratory Technician,14,3,10,5769
45,Sales,Male,52,Sales Executive,15,3,10,4385
31,Sales,Male,54,Sales Executive,13,3,10,5332
36,Research & Development,Female,76,Manufacturing Director,12,3,7,4663
34,Research & Development,Male,42,Manufacturing Director,13,3,9,4724
49,Research & Development,Female,84,Laboratory Technician,14,3,10,3211
39,Research & Development,Male,76,Manufacturing Director,13,3,10,5377
27,Research & Development,Male,67,Laboratory Technician,11,3,7,4066
35,Research & Development,Male,48,Research Scientist,11,3,16,5208
28,Research & Development,Female,39,Manufacturing Director,21,4,6,4877
21,Research & Development,Male,97,Research Scientist,18,3,3,3117
18,Sales,Female,70,Sales Representative,12,3,0,1569
47,Human Resources,Female,98,Manager,11,3,27,19658
39,Research & Development,Male,76,Laboratory Technician,15,3,11,3069
40,Research & Development,Female,80,Manufacturing Director,13,3,18,10435
35,Research & Development,Female,52,Healthcare Representative,12,3,15,4148
37,Research & Development,Male,85,Manufacturing Director,17,3,9,5768
39,Research & Development,Female,81,Manufacturing Director,13,3,10,5042
45,Research & Development,Female,59,Manufacturing Director,19,3,10,5770
38,Research & Development,Female,54,Manufacturing Director,19,3,10,7756
35,Sales,Male,55,Sales Executive,17,3,15,10306
37,Research & Development,Female,71,Research Scientist,11,3,8,3936
40,Research & Development,Female,84,Manufacturing Director,15,3,18,7945
44,Human Resources,Male,37,Human Resources,11,3,14,5743
48,Research & Development,Male,89,Manager,25,4,23,15202
35,Sales,Male,59,Sales Executive,14,3,7,5440
24,Research & Development,Female,32,Research Scientist,13,3,6,3760
27,Research & Development,Female,86,Research Scientist,17,3,5,3517
27,Research & Development,Male,87,Research Scientist,13,3,6,2580
40,Research & Development,Male,73,Laboratory Technician,14,3,10,2166
29,Sales,Male,42,Sales Executive,11,3,8,5869
36,Research & Development,Female,42,Healthcare Representative,12,3,9,8008
25,Research & Development,Male,77,Manufacturing Director,17,3,7,5206
39,Research & Development,Male,66,Manufacturing Director,21,4,7,5295
49,Research & Development,Female,72,Research Director,16,3,27,16413
50,Research & Development,Female,50,Research Director,15,3,19,13269
20,Sales,Female,31,Sales Representative,19,3,2,2783
34,Research & Development,Female,66,Research Scientist,12,3,11,5433
36,Research & Development,Male,77,Laboratory Technician,11,3,15,2013
49,Research & Development,Female,41,Healthcare Representative,19,3,30,13966
36,Research & Development,Female,33,Manufacturing Director,15,3,4,4374
36,Research & Development,Male,79,Healthcare Representative,20,4,13,6842
54,Research & Development,Female,91,Manager,25,4,36,17426
43,Research & Development,Male,65,Research Director,24,4,14,17603
35,Sales,Male,36,Sales Executive,24,4,13,4581
38,Research & Development,Male,90,Research Scientist,15,3,19,4735
29,Sales,Male,43,Sales Executive,13,3,10,4187
33,Sales,Male,93,Sales Executive,14,3,6,5505
32,Research & Development,Male,45,Research Scientist,13,3,10,5470
31,Sales,Female,67,Sales Executive,11,3,10,5476
49,Research & Development,Female,74,Laboratory Technician,16,3,17,2587
38,Research & Development,Female,42,Laboratory Technician,22,4,4,2440
47,Sales,Female,47,Manager,14,3,29,15972
49,Research & Development,Male,36,Manager,14,3,23,15379
41,Sales,Male,80,Sales Executive,16,3,21,7082
20,Sales,Male,54,Sales Representative,11,3,2,2728
33,Sales,Female,36,Sales Executive,25,4,7,5368
36,Research & Development,Male,80,Healthcare Representative,14,3,10,5347
44,Human Resources,Female,44,Human Resources,18,3,8,3195
23,Research & Development,Male,93,Laboratory Technician,11,3,5,3989
38,Research & Development,Female,87,Laboratory Technician,19,3,7,3306
53,Research & Development,Male,48,Healthcare Representative,15,3,11,7005
48,Sales,Female,95,Sales Representative,11,3,19,2655
32,Research & Development,Male,95,Laboratory Technician,12,3,1,1393
26,Research & Development,Male,76,Laboratory Technician,20,4,7,2570
55,Research & Development,Male,94,Research Scientist,12,3,8,3537
34,Research & Development,Male,57,Laboratory Technician,14,3,15,3986
60,Research & Development,Male,92,Healthcare Representative,20,4,19,10883
33,Research & Development,Male,79,Laboratory Technician,18,3,14,2028
37,Sales,Male,31,Sales Executive,14,3,6,9525
34,Research & Development,Female,35,Research Scientist,12,3,10,2929
23,Sales,Male,99,Sales Representative,21,4,3,2275
44,Research & Development,Female,96,Healthcare Representative,19,3,9,7879
35,Research & Development,Male,79,Research Scientist,14,3,6,4930
43,Sales,Male,73,Sales Executive,17,3,10,7847
24,Research & Development,Male,62,Research Scientist,16,3,5,4401
41,Sales,Male,35,Sales Executive,12,3,10,9241
29,Research & Development,Female,43,Laboratory Technician,17,3,9,2974
36,Sales,Female,51,Sales Representative,15,3,17,4502
45,Research & Development,Male,74,Healthcare Representative,23,4,25,10748
24,Human Resources,Male,58,Human Resources,11,3,1,1555
47,Sales,Male,82,Sales Executive,11,3,25,12936
26,Research & Development,Male,62,Laboratory Technician,15,3,3,2305
45,Research & Development,Female,48,Research Director,11,3,21,16704
32,Research & Development,Male,56,Research Scientist,13,3,10,3433
31,Research & Development,Male,69,Laboratory Technician,14,3,6,3477
41,Human Resources,Male,60,Human Resources,19,3,10,6430
40,Research & Development,Female,92,Manufacturing Director,16,3,18,6516
24,Research & Development,Male,91,Laboratory Technician,13,3,6,3907
46,Research & Development,Male,34,Healthcare Representative,14,3,19,5562
35,Research & Development,Male,49,Manufacturing Director,16,3,17,6883
30,Research & Development,Male,33,Research Scientist,12,3,10,2862
47,Sales,Male,87,Sales Executive,11,3,4,4978
46,Sales,Male,74,Sales Executive,12,3,13,10368
36,Sales,Male,96,Sales Executive,13,3,16,6134
32,Sales,Male,34,Sales Executive,15,3,10,6735
23,Research & Development,Female,51,Laboratory Technician,13,3,3,3295
31,Research & Development,Female,30,Manufacturing Director,20,4,9,5238
39,Research & Development,Male,77,Laboratory Technician,15,3,9,6472
32,Sales,Male,80,Sales Executive,13,3,10,9610
40,Sales,Male,88,Manager,14,3,21,19833
45,Human Resources,Female,56,Human Resources,21,4,9,9756
30,Research & Development,Female,78,Research Scientist,16,3,10,4968
24,Human Resources,Male,59,Human Resources,14,3,3,2145
30,Human Resources,Female,66,Human Resources,11,3,6,2180
31,Sales,Male,51,Sales Executive,19,3,6,8346
27,Research & Development,Female,67,Research Scientist,11,3,6,3445
29,Sales,Female,52,Sales Representative,13,3,2,2760
29,Research & Development,Male,70,Healthcare Representative,12,3,10,6294
30,Sales,Male,94,Sales Executive,11,3,12,7140
34,Research & Development,Male,97,Research Scientist,14,3,6,2932
33,Sales,Female,62,Sales Executive,15,3,13,5147
49,Sales,Female,80,Sales Executive,12,3,8,4507
33,Sales,Female,74,Sales Executive,20,4,11,8564
38,Research & Development,Female,75,Laboratory Technician,14,3,9,2468
31,Sales,Male,70,Sales Executive,13,3,10,8161
29,Research & Development,Female,91,Research Scientist,13,3,1,2109
30,Research & Development,Male,58,Healthcare Representative,16,3,10,5294
32,Research & Development,Male,65,Research Scientist,14,3,12,2718
38,Research & Development,Male,60,Healthcare Representative,16,3,15,5811
43,Research & Development,Male,38,Research Scientist,16,3,6,2437
42,Research & Development,Male,57,Laboratory Technician,22,4,7,2766
55,Research & Development,Male,60,Research Director,12,3,34,19038
33,Research & Development,Male,90,Research Scientist,15,3,11,3055
41,Research & Development,Male,94,Laboratory Technician,20,4,5,2289
34,Sales,Male,87,Sales Executive,14,3,15,4001
53,Research & Development,Female,60,Manufacturing Director,20,4,27,12965
43,Human Resources,Male,97,Human Resources,13,3,10,3539
34,Sales,Female,32,Sales Executive,12,3,6,6029
21,Sales,Male,31,Sales Representative,13,3,1,2679
38,Research & Development,Female,40,Laboratory Technician,11,3,5,3702
22,Research & Development,Female,79,Laboratory Technician,17,3,1,2398
31,Sales,Female,91,Sales Executive,14,3,13,5468
51,Research & Development,Female,53,Manager,11,3,15,13116
37,Sales,Male,46,Sales Executive,14,3,5,4189
46,Research & Development,Male,46,Research Director,17,3,24,19328
36,Research & Development,Male,90,Healthcare Representative,13,3,15,8321
44,Research & Development,Male,99,Research Scientist,12,3,6,2342
37,Human Resources,Male,89,Human Resources,13,3,19,4071
35,Sales,Male,84,Sales Executive,18,3,10,5813
33,Research & Development,Male,90,Research Scientist,19,3,14,3143
28,Research & Development,Male,82,Research Scientist,11,3,5,2044
39,Research & Development,Male,65,Research Director,21,4,9,13464
46,Sales,Male,98,Sales Executive,15,3,6,7991
40,Research & Development,Female,99,Laboratory Technician,17,3,7,3377
42,Research & Development,Male,95,Healthcare Representative,18,3,10,5538
35,Research & Development,Male,90,Manufacturing Director,14,3,15,5762
38,Human Resources,Male,100,Human Resources,13,3,13,2592
34,Research & Development,Male,93,Laboratory Technician,17,3,11,5346
37,Research & Development,Male,58,Manufacturing Director,15,3,10,4213
39,Sales,Male,83,Sales Executive,18,3,7,4127
43,Research & Development,Male,52,Research Scientist,13,3,7,2438
41,Research & Development,Male,85,Healthcare Representative,12,3,11,6870
41,Sales,Female,81,Sales Executive,13,3,23,10447
30,Research & Development,Female,64,Manufacturing Director,14,3,9,9667
26,Human Resources,Female,69,Human Resources,11,3,6,2148
46,Research & Development,Female,66,Healthcare Representative,22,4,13,8926
40,Research & Development,Female,52,Healthcare Representative,17,3,12,6513
34,Sales,Male,92,Sales Executive,21,4,10,6799
58,Sales,Male,52,Manager,22,4,37,16291
35,Research & Development,Male,91,Laboratory Technician,16,3,6,2705
47,Research & Development,Female,92,Manufacturing Director,12,3,28,10333
40,Research & Development,Female,47,Healthcare Representative,12,3,15,4448
54,Research & Development,Female,68,Research Scientist,15,3,14,6854
31,Sales,Female,68,Sales Executive,14,3,9,9637
28,Research & Development,Female,67,Research Scientist,25,4,3,3591
38,Sales,Female,77,Sales Representative,20,4,20,5405
26,Sales,Male,46,Sales Executive,13,3,5,4684
58,Research & Development,Male,87,Research Director,14,3,23,15787
18,Research & Development,Female,33,Research Scientist,16,3,0,1514
31,Human Resources,Male,89,Human Resources,17,3,2,2956
29,Human Resources,Male,56,Human Resources,15,3,4,2335
45,Sales,Female,67,Sales Executive,22,4,10,5154
36,Research & Development,Female,73,Research Scientist,22,4,15,6962
43,Sales,Male,92,Sales Executive,20,4,7,5675
27,Research & Development,Female,53,Laboratory Technician,14,3,6,2379
29,Research & Development,Male,40,Laboratory Technician,13,3,11,3812
32,Sales,Male,79,Sales Executive,13,3,4,4648
42,Research & Development,Male,38,Research Scientist,22,4,10,2936
47,Research & Development,Female,64,Laboratory Technician,12,3,7,2105
46,Research & Development,Male,82,Manufacturing Director,14,3,12,8578
28,Human Resources,Male,43,Human Resources,15,3,3,2706
29,Research & Development,Male,93,Healthcare Representative,17,3,11,6384
42,Research & Development,Male,81,Laboratory Technician,13,3,8,3968
32,Sales,Male,82,Sales Executive,12,3,7,9907
46,Sales,Female,45,Sales Executive,12,3,25,13225
27,Sales,Female,36,Sales Representative,21,4,9,3540
29,Human Resources,Male,87,Human Resources,11,3,1,2804
43,Research & Development,Female,81,Manager,13,3,21,19392
48,Research & Development,Male,91,Research Director,12,3,29,19665
29,Research & Development,Male,73,Research Scientist,24,4,1,2439
46,Sales,Female,64,Sales Executive,21,4,14,7314
27,Research & Development,Female,77,Research Scientist,19,3,8,4774
39,Research & Development,Male,41,Research Scientist,14,3,7,3902
55,Research & Development,Male,98,Research Scientist,20,4,19,2662
28,Sales,Female,78,Sales Representative,19,3,1,2856
30,Sales,Male,89,Sales Representative,13,3,1,1081
22,Research & Development,Male,75,Research Scientist,23,4,1,2472
36,Sales,Female,63,Sales Executive,13,3,10,5673
31,Research & Development,Male,89,Laboratory Technician,11,3,10,4197
34,Sales,Male,64,Sales Executive,13,3,9,9713
29,Research & Development,Male,59,Laboratory Technician,14,3,11,2062
37,Research & Development,Male,78,Research Scientist,22,4,16,4284
35,Research & Development,Female,44,Manufacturing Director,11,3,4,4788
45,Research & Development,Female,93,Manufacturing Director,13,3,10,5906
36,Human Resources,Male,94,Human Resources,21,4,10,3886
40,Research & Development,Male,98,Manager,11,3,22,16823
26,Research & Development,Female,90,Research Scientist,13,3,1,2933
27,Sales,Female,89,Sales Executive,14,3,9,6500
48,Research & Development,Female,58,Manager,11,3,24,17174
44,Research & Development,Male,78,Healthcare Representative,15,3,10,5033
34,Research & Development,Male,85,Research Scientist,23,4,5,2307
56,Research & Development,Male,97,Laboratory Technician,16,3,5,2587
36,Sales,Male,33,Sales Executive,16,3,12,5507
41,Sales,Female,54,Sales Executive,21,4,14,4393
42,Research & Development,Male,83,Research Director,13,3,18,13348
31,Sales,Female,86,Sales Executive,11,3,8,6583
34,Sales,Female,75,Sales Executive,12,3,9,8103
31,Research & Development,Female,62,Laboratory Technician,12,3,4,3978
26,Research & Development,Male,61,Laboratory Technician,18,3,8,2544
45,Research & Development,Male,44,Healthcare Representative,12,3,12,5399
33,Sales,Male,43,Sales Executive,14,3,10,5487
28,Sales,Male,42,Sales Executive,12,3,7,6834
29,Sales,Male,45,Sales Representative,17,3,1,1091
39,Sales,Female,32,Sales Executive,19,3,10,5736
27,Research & Development,Male,41,Research Scientist,11,3,6,2226
34,Research & Development,Male,86,Research Scientist,15,3,16,5747
28,Sales,Female,84,Sales Executive,11,3,6,9854
47,Research & Development,Male,64,Research Scientist,18,3,16,5467
56,Sales,Female,89,Sales Executive,16,3,6,5380
39,Research & Development,Male,87,Manufacturing Director,25,4,10,5151
38,Research & Development,Female,58,Research Scientist,16,3,20,2133
58,Sales,Female,72,Manager,13,3,29,17875
32,Research & Development,Female,47,Research Scientist,14,3,8,2432
38,Research & Development,Male,71,Research Scientist,19,3,10,4771
49,Research & Development,Male,42,Research Director,15,3,28,19161
42,Sales,Male,77,Sales Executive,12,3,14,5087
27,Human Resources,Female,58,Human Resources,12,3,1,2863
35,Sales,Male,71,Sales Executive,16,3,6,5561
28,Research & Development,Male,49,Research Scientist,14,3,5,2144
31,Research & Development,Male,48,Research Scientist,13,3,4,3065
36,Research & Development,Male,66,Laboratory Technician,22,4,5,2810
34,Sales,Male,32,Sales Executive,21,4,14,9888
34,Sales,Male,39,Sales Executive,18,3,9,8628
26,Research & Development,Male,95,Laboratory Technician,13,3,8,2867
29,Research & Development,Male,89,Healthcare Representative,12,3,6,5373
32,Research & Development,Female,34,Healthcare Representative,18,3,9,6667
31,Research & Development,Male,48,Research Scientist,21,4,10,5003
28,Research & Development,Male,32,Laboratory Technician,12,3,6,2367
38,Sales,Male,59,Sales Representative,14,3,20,2858
35,Sales,Female,55,Sales Executive,11,3,10,5204
27,Sales,Male,44,Sales Executive,14,3,7,4105
32,Research & Development,Male,56,Manufacturing Director,24,4,8,9679
31,Sales,Male,63,Sales Executive,11,3,10,5617
53,Sales,Male,66,Sales Executive,13,3,15,10448
54,Research & Development,Female,67,Research Scientist,11,3,9,2897
33,Research & Development,Male,36,Healthcare Representative,20,4,9,5968
43,Research & Development,Male,30,Healthcare Representative,17,3,10,7510
38,Human Resources,Male,88,Human Resources,11,3,7,2991
55,Human Resources,Male,71,Manager,18,3,35,19636
31,Research & Development,Female,59,Laboratory Technician,11,3,1,1129
39,Sales,Male,77,Sales Executive,12,3,21,13341
42,Research & Development,Male,37,Research Scientist,12,3,20,4332
31,Research & Development,Female,40,Research Director,20,4,13,11031
54,Research & Development,Female,77,Manufacturing Director,19,3,9,4440
24,Research & Development,Male,45,Healthcare Representative,12,3,4,4617
23,Research & Development,Male,78,Laboratory Technician,13,3,5,2647
40,Research & Development,Female,73,Laboratory Technician,11,3,10,6323
40,Sales,Female,92,Sales Executive,14,3,15,5677
25,Human Resources,Female,82,Human Resources,14,3,6,2187
30,Research & Development,Male,76,Laboratory Technician,13,3,12,3748
25,Research & Development,Male,57,Laboratory Technician,19,3,7,3977
47,Research & Development,Male,84,Healthcare Representative,23,4,25,8633
33,Research & Development,Male,59,Laboratory Technician,12,3,1,2008
38,Sales,Male,86,Sales Executive,15,3,16,4440
31,Sales,Male,54,Sales Representative,19,3,3,3067
38,Research & Development,Male,72,Manufacturing Director,11,3,10,5321
42,Research & Development,Male,35,Research Scientist,17,3,9,5410
41,Research & Development,Male,76,Research Scientist,22,4,12,2782
47,Research & Development,Female,98,Research Director,18,3,14,11957
35,Research & Development,Male,43,Laboratory Technician,11,3,5,2660
22,Research & Development,Male,63,Research Scientist,12,3,4,3375
35,Research & Development,Male,48,Research Scientist,19,3,10,5098
33,Research & Development,Female,95,Healthcare Representative,13,3,10,4878
32,Research & Development,Female,49,Laboratory Technician,13,3,6,2837
40,Research & Development,Male,83,Laboratory Technician,19,3,8,2406
32,Sales,Male,68,Sales Representative,14,3,3,2269
39,Research & Development,Male,52,Research Scientist,13,3,18,4108
38,Research & Development,Female,99,Research Director,12,3,20,13206
32,Sales,Female,48,Sales Executive,19,3,14,10422
37,Research & Development,Female,42,Research Director,25,4,16,13744
25,Sales,Female,85,Sales Executive,22,4,6,4907
52,Sales,Male,40,Sales Representative,15,3,16,3482
44,Research & Development,Male,42,Research Scientist,12,3,6,2436
21,Sales,Male,58,Sales Representative,11,3,2,2380
39,Research & Development,Male,87,Manager,13,3,21,19431
23,Sales,Male,33,Sales Representative,19,3,1,1790
36,Sales,Female,94,Sales Executive,19,3,10,7644
36,Research & Development,Female,97,Manufacturing Director,13,3,18,5131
56,Research & Development,Male,57,Healthcare Representative,21,4,13,6306
29,Research & Development,Male,36,Research Scientist,14,3,4,4787
42,Research & Development,Male,56,Manager,11,3,24,18880
56,Research & Development,Male,72,Laboratory Technician,11,3,14,2339
41,Research & Development,Female,60,Manufacturing Director,23,4,21,13570
34,Sales,Female,95,Sales Executive,21,4,8,6712
36,Sales,Male,88,Sales Executive,24,4,15,5406
41,Sales,Male,57,Sales Executive,11,3,14,8938
32,Research & Development,Male,78,Research Scientist,14,3,4,2439
35,Human Resources,Female,31,Human Resources,16,3,9,8837
38,Sales,Female,100,Sales Executive,11,3,10,5343
50,Sales,Male,94,Sales Executive,12,3,12,6728
36,Sales,Female,100,Sales Executive,13,3,8,6652
45,Sales,Female,50,Sales Executive,15,3,8,4850
40,Research & Development,Male,52,Research Scientist,14,3,8,2809
35,Research & Development,Male,80,Healthcare Representative,14,3,10,5689
40,Research & Development,Female,98,Research Scientist,14,3,20,2001
35,Research & Development,Female,62,Research Scientist,12,3,4,2977
29,Research & Development,Male,46,Laboratory Technician,13,3,10,4025
29,Research & Development,Female,73,Research Scientist,14,3,5,3785
50,Sales,Male,39,Sales Executive,13,3,20,10854
39,Sales,Female,60,Sales Executive,11,3,21,12031
31,Research & Development,Male,74,Manufacturing Director,19,3,10,9936
26,Sales,Female,30,Sales Representative,18,3,5,2966
36,Research & Development,Male,41,Laboratory Technician,17,3,17,2571
39,Research & Development,Male,42,Healthcare Representative,15,3,9,9991
27,Research & Development,Male,87,Manufacturing Director,20,4,6,6142
49,Sales,Male,63,Sales Executive,14,3,17,5390
34,Research & Development,Male,82,Laboratory Technician,12,3,6,4404
